able.a.01	attributes	ability.n.01
able.a.01	attributes	ability.n.02
unable.a.01	attributes	ability.n.01
absorbent.a.01	attributes	absorbency.n.01
nonabsorbent.a.01	attributes	absorbency.n.01
abstemious.a.01	attributes	abstemiousness.n.02
gluttonous.a.01	attributes	gluttony.n.01
abstract.a.01	attributes	abstractness.n.01
concrete.a.01	attributes	concreteness.n.01
abundant.a.01	attributes	quantity.n.02
scarce.a.01	attributes	quantity.n.02
accessible.a.01	attributes	handiness.n.02
inaccessible.a.01	attributes	handiness.n.02
accurate.a.01	attributes	accuracy.n.01
inaccurate.a.01	attributes	accuracy.n.01
acknowledged.a.01	attributes	recognition.n.01
unacknowledged.a.01	attributes	recognition.n.01
acquisitive.a.01	attributes	acquisitiveness.n.01
unacquisitive.a.01	attributes	acquisitiveness.n.01
active.a.05	attributes	activeness.n.02
inactive.a.09	attributes	activeness.n.02
active.a.03	attributes	activeness.n.02
passive.a.01	attributes	passivity.n.01
active.a.13	attributes	action.n.02
dormant.a.02	attributes	dormancy.n.01
extinct.a.02	attributes	extinction.n.01
actual.a.01	attributes	actuality.n.01
potential.a.01	attributes	potential.n.01
adequate.a.01	attributes	adequacy.n.01
inadequate.a.01	attributes	adequacy.n.01
affected.a.02	attributes	affectedness.n.01
unaffected.a.04	attributes	affectedness.n.01
afraid.a.01	attributes	fear.n.01
unafraid.a.01	attributes	fear.n.01
alive.a.01	attributes	animation.n.01
alive.a.01	attributes	animation.n.02
dead.a.01	attributes	animation.n.01
dead.a.01	attributes	animation.n.02
ambitious.a.01	attributes	ambition.n.02
unambitious.a.01	attributes	ambition.n.02
ample.a.01	attributes	sufficiency.n.03
meager.a.01	attributes	sufficiency.n.03
sentient.a.01	attributes	sentience.n.03
insentient.a.01	attributes	sentience.n.03
animate.a.02	attributes	animateness.n.01
inanimate.a.02	attributes	animateness.n.01
preceding.a.01	attributes	temporal_relation.n.01
preceding.a.01	attributes	timing.n.01
succeeding.a.01	attributes	temporal_relation.n.01
succeeding.a.01	attributes	timing.n.01
retrograde.a.02	attributes	temporal_relation.n.01
anterograde.a.01	attributes	temporal_relation.n.01
antemeridian.a.01	attributes	clock_time.n.01
postmeridian.a.01	attributes	clock_time.n.01
anterior.a.01	attributes	position.n.07
posterior.a.01	attributes	position.n.07
appetizing.a.01	attributes	appetizingness.n.01
unappetizing.a.01	attributes	appetizingness.n.01
appropriate.a.01	attributes	appropriateness.n.02
inappropriate.a.01	attributes	appropriateness.n.02
apropos.a.01	attributes	appropriateness.n.02
malapropos.a.01	attributes	appropriateness.n.02
wary.a.01	attributes	wariness.n.01
unwary.a.01	attributes	wariness.n.01
attentive.a.01	attributes	attention.n.06
inattentive.a.01	attributes	attention.n.06
attractive.a.01	attributes	attractiveness.n.02
unattractive.a.01	attributes	attractiveness.n.02
attractive.a.03	attributes	magnetism.n.01
repulsive.a.02	attributes	repulsion.n.01
attributable.a.01	attributes	attribution.n.02
unattributable.a.01	attributes	attribution.n.02
audible.a.01	attributes	audibility.n.01
inaudible.a.01	attributes	audibility.n.01
auspicious.a.01	attributes	auspiciousness.n.01
inauspicious.a.01	attributes	auspiciousness.n.01
propitious.a.01	attributes	auspiciousness.n.01
unpropitious.a.01	attributes	auspiciousness.n.01
authorized.a.01	attributes	mandate.n.01
unauthorized.a.01	attributes	mandate.n.01
available.a.01	attributes	handiness.n.02
unavailable.a.01	attributes	handiness.n.02
astringent.a.02	attributes	astringency.n.02
nonastringent.a.01	attributes	astringency.n.02
aware.a.01	attributes	awareness.n.01
unaware.a.01	attributes	awareness.n.01
alarming.a.01	attributes	alarm.n.01
unalarming.a.01	attributes	alarm.n.01
reassuring.a.01	attributes	reassurance.n.01
unreassuring.a.01	attributes	reassurance.n.01
beautiful.a.01	attributes	beauty.n.01
ugly.a.01	attributes	beauty.n.01
beneficent.a.01	attributes	beneficence.n.02
maleficent.a.01	attributes	maleficence.n.02
benign.a.02	attributes	benignity.n.01
malign.a.01	attributes	malignity.n.02
blond.a.01	attributes	complexion.n.01
brunet.a.01	attributes	complexion.n.01
bold.a.01	attributes	boldness.n.01
timid.a.01	attributes	timidity.n.02
lower-class.a.01	attributes	status.n.01
middle-class.a.01	attributes	status.n.01
upper-class.a.01	attributes	status.n.01
brave.a.01	attributes	courage.n.01
cowardly.a.01	attributes	cowardice.n.01
light.a.06	attributes	light.n.07
dark.a.01	attributes	light.n.07
bright.a.01	attributes	luminosity.n.01
dull.a.02	attributes	luminosity.n.01
broken.a.01	attributes	integrity.n.01
unbroken.a.05	attributes	integrity.n.01
capable.a.01	attributes	capability.n.01
capable.a.01	attributes	capability.n.03
incapable.a.01	attributes	capability.n.01
incapable.a.01	attributes	capability.n.03
careful.a.01	attributes	carefulness.n.02
careless.a.01	attributes	carefulness.n.02
certain.a.03	attributes	certainty.n.02
uncertain.a.02	attributes	certainty.n.02
certain.a.02	attributes	assurance.n.01
certain.a.02	attributes	certainty.n.01
uncertain.a.01	attributes	assurance.n.01
uncertain.a.01	attributes	certainty.n.01
confident.a.01	attributes	confidence.n.02
diffident.a.02	attributes	confidence.n.02
changeable.a.02	attributes	changeableness.n.01
unchangeable.a.01	attributes	changeableness.n.01
chaste.a.01	attributes	virginity.n.01
chaste.a.01	attributes	virtue.n.03
unchaste.a.01	attributes	virtue.n.03
cheerful.a.01	attributes	cheerfulness.n.01
depressing.a.01	attributes	cheerfulness.n.01
chromatic.a.03	attributes	hue.n.01
achromatic.a.01	attributes	hue.n.01
black.a.01	attributes	value.n.04
white.a.01	attributes	value.n.04
colored.a.01	attributes	color.n.01
uncolored.a.01	attributes	color.n.01
colorful.a.01	attributes	color.n.02
colorless.a.02	attributes	color.n.02
light.a.02	attributes	value.n.04
dark.a.02	attributes	value.n.04
clean.a.01	attributes	cleanness.n.01
dirty.a.01	attributes	cleanness.n.01
clear.a.01	attributes	clarity.n.01
unclear.a.02	attributes	clarity.n.01
clear.a.04	attributes	clearness.n.02
opaque.a.01	attributes	opacity.n.03
far.a.01	attributes	distance.n.01
near.a.01	attributes	distance.n.01
distant.a.01	attributes	distance.n.01
close.a.01	attributes	distance.n.01
comfortable.a.01	attributes	comfort.n.01
uncomfortable.a.02	attributes	comfort.n.01
commercial.a.01	attributes	commerce.n.01
noncommercial.a.01	attributes	commerce.n.01
common.a.02	attributes	commonness.n.03
uncommon.a.01	attributes	commonness.n.03
usual.a.01	attributes	usualness.n.01
unusual.a.01	attributes	usualness.n.01
common.a.01	attributes	commonality.n.02
individual.a.01	attributes	individuality.n.01
whole.a.01	attributes	integrity.n.01
fractional.a.01	attributes	integrity.n.01
complete.a.01	attributes	completeness.n.01
incomplete.a.01	attributes	completeness.n.01
comprehensive.a.01	attributes	comprehensiveness.n.01
concise.a.01	attributes	prolixity.n.01
prolix.a.01	attributes	prolixity.n.01
conclusive.a.01	attributes	finality.n.01
inconclusive.a.01	attributes	finality.n.01
connected.a.02	attributes	connection.n.01
unconnected.a.01	attributes	connection.n.01
conservative.a.01	attributes	political_orientation.n.01
liberal.a.03	attributes	political_orientation.n.01
conspicuous.a.01	attributes	conspicuousness.n.02
inconspicuous.a.01	attributes	conspicuousness.n.02
constant.a.02	attributes	constancy.n.01
inconstant.a.01	attributes	constancy.n.01
continuous.a.01	attributes	continuity.n.03
convenient.a.01	attributes	convenience.n.02
inconvenient.a.01	attributes	convenience.n.02
conventional.a.01	attributes	conventionality.n.03
unconventional.a.01	attributes	conventionality.n.03
corrupt.a.01	attributes	corruptness.n.02
incorrupt.a.01	attributes	corruptness.n.02
substantial.a.03	attributes	substantiality.n.01
insubstantial.a.01	attributes	substantiality.n.01
material.a.02	attributes	materiality.n.02
immaterial.a.03	attributes	materiality.n.02
corporeal.a.01	attributes	materiality.n.02
incorporeal.a.01	attributes	materiality.n.02
correct.a.01	attributes	correctness.n.01
incorrect.a.01	attributes	correctness.n.01
courteous.a.02	attributes	courtesy.n.03
discourteous.a.01	attributes	courtesy.n.03
polite.a.01	attributes	politeness.n.01
impolite.a.01	attributes	politeness.n.01
civil.a.02	attributes	civility.n.01
uncivil.a.01	attributes	civility.n.01
creative.a.01	attributes	creativity.n.01
uncreative.a.01	attributes	creativity.n.01
credible.a.01	attributes	credibility.n.01
incredible.a.01	attributes	credibility.n.01
critical.a.06	attributes	crisis.n.01
noncritical.a.02	attributes	crisis.n.01
critical.a.02	attributes	criticality.n.02
noncritical.a.01	attributes	criticality.n.02
cubic.a.01	attributes	cubicity.n.01
current.a.01	attributes	currentness.n.01
noncurrent.a.01	attributes	currentness.n.01
cyclic.a.04	attributes	cyclicity.n.01
noncyclic.a.01	attributes	cyclicity.n.01
deep.a.03	attributes	depth.n.01
shallow.a.01	attributes	depth.n.01
deep.a.01	attributes	depth.n.01
shallow.a.02	attributes	depth.n.01
dehiscent.a.01	attributes	dehiscence.n.01
indehiscent.a.01	attributes	dehiscence.n.01
delicate.a.01	attributes	strength.n.01
rugged.a.01	attributes	strength.n.01
breakable.a.01	attributes	breakableness.n.01
unbreakable.a.01	attributes	breakableness.n.01
dependent.a.01	attributes	independence.n.01
independent.a.01	attributes	independence.n.01
destructible.a.01	attributes	destructibility.n.01
indestructible.a.01	attributes	destructibility.n.01
difficult.a.01	attributes	difficulty.n.04
easy.a.01	attributes	ease.n.01
direct.a.01	attributes	directness.n.01
indirect.a.02	attributes	directness.n.01
immediate.a.03	attributes	immediacy.n.01
mediate.a.01	attributes	immediacy.n.01
dominant.a.01	attributes	status.n.01
subordinate.a.01	attributes	status.n.01
dramatic.a.01	attributes	drama.n.04
undramatic.a.01	attributes	drama.n.04
sharp.a.09	attributes	sharpness.n.05
lively.a.01	attributes	liveliness.n.02
dull.a.01	attributes	dullness.n.02
early.a.01	attributes	timing.n.01
middle.a.04	attributes	timing.n.01
late.a.01	attributes	timing.n.01
western.a.01	attributes	west.n.01
eastern.a.04	attributes	east.n.02
western.a.02	attributes	west.n.03
eastern.a.02	attributes	east.n.03
numerate.a.01	attributes	numeracy.n.01
innumerate.a.01	attributes	numeracy.n.01
effective.a.01	attributes	effectiveness.n.01
ineffective.a.01	attributes	effectiveness.n.01
efficacious.a.01	attributes	efficacy.n.01
inefficacious.a.01	attributes	efficacy.n.01
emotional.a.02	attributes	emotionality.n.01
unemotional.a.01	attributes	emotionality.n.01
equal.a.01	attributes	equality.n.01
unequal.a.01	attributes	equality.n.01
essential.a.02	attributes	essentiality.n.01
inessential.a.01	attributes	essentiality.n.01
dispensable.a.01	attributes	dispensability.n.01
indispensable.a.01	attributes	dispensability.n.01
even.a.03	attributes	evenness.n.02
uneven.a.01	attributes	evenness.n.02
convertible.a.01	attributes	convertibility.n.01
inconvertible.a.01	attributes	convertibility.n.01
exciting.a.01	attributes	excitement.n.02
unexciting.a.02	attributes	excitement.n.02
existent.a.01	attributes	being.n.01
nonexistent.a.01	attributes	being.n.01
explicit.a.01	attributes	explicitness.n.01
implicit.a.01	attributes	explicitness.n.01
external.a.01	attributes	position.n.07
internal.a.01	attributes	position.n.07
outer.a.01	attributes	position.n.07
inner.a.02	attributes	position.n.07
outward.a.01	attributes	outwardness.n.03
inward.a.01	attributes	inwardness.n.04
exterior.a.01	attributes	position.n.07
interior.a.01	attributes	position.n.07
fair.a.01	attributes	fairness.n.01
unfair.a.01	attributes	fairness.n.01
faithful.a.01	attributes	fidelity.n.02
unfaithful.a.01	attributes	fidelity.n.02
loyal.a.01	attributes	loyalty.n.01
disloyal.a.02	attributes	loyalty.n.01
familiar.a.01	attributes	familiarity.n.02
unfamiliar.a.01	attributes	familiarity.n.02
fast.a.01	attributes	speed.n.02
slow.a.01	attributes	speed.n.02
fat.a.01	attributes	body_weight.n.01
thin.a.02	attributes	body_weight.n.01
felicitous.a.01	attributes	felicity.n.01
infelicitous.a.01	attributes	felicity.n.01
fertile.a.01	attributes	fertility.n.02
sterile.a.01	attributes	fertility.n.02
curly.a.01	attributes	curliness.n.01
straight.a.03	attributes	curliness.n.01
foreign.a.02	attributes	foreignness.n.01
foreign.a.02	attributes	unfamiliarity.n.01
domestic.a.03	attributes	domesticity.n.01
undomestic.a.01	attributes	domesticity.n.01
formal.a.01	attributes	formality.n.02
informal.a.01	attributes	formality.n.02
formal.a.03	attributes	formality.n.02
informal.a.03	attributes	formality.n.02
odorous.a.01	attributes	olfactory_property.n.01
odorless.a.01	attributes	olfactory_property.n.01
free.a.01	attributes	freedom.n.01
unfree.a.02	attributes	freedom.n.01
fresh.a.01	attributes	freshness.n.01
stale.a.01	attributes	staleness.n.02
friendly.a.01	attributes	friendliness.n.02
unfriendly.a.02	attributes	friendliness.n.02
full.a.01	attributes	fullness.n.03
empty.a.01	attributes	fullness.n.03
functional.a.01	attributes	function.n.02
nonfunctional.a.01	attributes	function.n.02
general.a.01	attributes	generality.n.02
specific.a.01	attributes	generality.n.02
generous.a.01	attributes	generosity.n.01
stingy.a.01	attributes	generosity.n.01
good.a.01	attributes	quality.n.01
bad.a.01	attributes	quality.n.01
good.a.03	attributes	good.n.02
evil.a.01	attributes	evil.n.03
good-natured.a.01	attributes	nature.n.04
ill-natured.a.01	attributes	nature.n.04
happy.a.01	attributes	happiness.n.01
happy.a.01	attributes	happiness.n.02
unhappy.a.01	attributes	happiness.n.01
unhappy.a.01	attributes	happiness.n.02
hard.a.03	attributes	hardness.n.01
soft.a.01	attributes	hardness.n.01
healthy.a.01	attributes	health.n.01
unhealthy.a.01	attributes	health.n.01
heavy.a.01	attributes	weight.n.01
light.a.01	attributes	weight.n.01
heedless.a.01	attributes	attentiveness.n.01
heedful.a.01	attributes	attentiveness.n.01
heterosexual.a.01	attributes	sexual_activity.n.01
homosexual.a.01	attributes	sexual_activity.n.01
high.a.02	attributes	height.n.01
low.a.02	attributes	height.n.01
high.a.01	attributes	degree.n.01
low.a.01	attributes	degree.n.01
high.a.04	attributes	pitch.n.01
low.a.05	attributes	pitch.n.01
honorable.a.02	attributes	honorableness.n.01
dishonorable.a.01	attributes	honorableness.n.01
horizontal.a.01	attributes	orientation.n.03
vertical.a.01	attributes	orientation.n.03
inclined.a.02	attributes	orientation.n.03
erect.a.01	attributes	position.n.04
unerect.a.01	attributes	position.n.04
hot.a.01	attributes	temperature.n.01
cold.a.01	attributes	temperature.n.01
hot.a.03	attributes	emotionality.n.01
cold.a.02	attributes	emotionality.n.01
human.a.03	attributes	humanness.n.01
nonhuman.a.01	attributes	humanness.n.01
humane.a.02	attributes	humaneness.n.01
inhumane.a.01	attributes	humaneness.n.01
important.a.01	attributes	importance.n.01
unimportant.a.01	attributes	importance.n.01
noticeable.a.01	attributes	obviousness.n.01
unnoticeable.a.02	attributes	obviousness.n.01
incoming.a.01	attributes	direction.n.02
outgoing.a.01	attributes	direction.n.02
intellectual.a.02	attributes	mind.n.07
nonintellectual.a.01	attributes	mind.n.07
intelligent.a.01	attributes	intelligence.n.01
unintelligent.a.01	attributes	intelligence.n.01
intended.a.01	attributes	intentionality.n.01
unintended.a.01	attributes	intentionality.n.01
interesting.a.01	attributes	interest.n.03
uninteresting.a.01	attributes	interest.n.03
introspective.a.01	attributes	introspectiveness.n.01
extrospective.a.01	attributes	introspectiveness.n.01
introversive.a.01	attributes	introversion.n.03
intrusive.a.01	attributes	intrusiveness.n.01
unintrusive.a.01	attributes	intrusiveness.n.01
kind.a.01	attributes	kindness.n.01
unkind.a.01	attributes	kindness.n.01
large.a.01	attributes	size.n.01
small.a.01	attributes	size.n.01
lawful.a.01	attributes	lawfulness.n.01
unlawful.a.02	attributes	lawfulness.n.01
legal.a.01	attributes	legality.n.01
illegal.a.01	attributes	legality.n.01
alike.a.01	attributes	likeness.n.01
unalike.a.01	attributes	likeness.n.01
likely.a.01	attributes	likelihood.n.01
unlikely.a.02	attributes	likelihood.n.01
illiterate.a.01	attributes	literacy.n.01
logical.a.01	attributes	logicality.n.01
illogical.a.01	attributes	logicality.n.01
long.a.02	attributes	length.n.01
short.a.02	attributes	length.n.01
long.a.01	attributes	duration.n.03
short.a.01	attributes	duration.n.03
loud.a.01	attributes	volume.n.06
soft.a.03	attributes	volume.n.06
major.a.03	attributes	majority.n.01
minor.a.03	attributes	minority.n.02
male.a.01	attributes	sex.n.04
female.a.01	attributes	sex.n.04
androgynous.a.02	attributes	sex.n.04
mature.a.03	attributes	age.n.01
mature.a.03	attributes	maturity.n.02
immature.a.04	attributes	age.n.01
immature.a.04	attributes	maturity.n.02
measurable.a.01	attributes	magnitude.n.01
musical.a.03	attributes	musicality.n.01
unmusical.a.02	attributes	musicality.n.01
mild.a.01	attributes	degree.n.01
intense.a.01	attributes	degree.n.01
moderate.a.01	attributes	moderation.n.01
immoderate.a.01	attributes	moderation.n.01
modern.a.01	attributes	modernity.n.01
modest.a.04	attributes	modesty.n.01
immodest.a.02	attributes	modesty.n.01
monovalent.a.02	attributes	valence.n.02
polyvalent.a.02	attributes	valence.n.02
univalent.a.01	attributes	valence.n.01
bivalent.a.02	attributes	valence.n.01
multivalent.a.01	attributes	valence.n.01
monovalent.a.01	attributes	valence.n.01
polyvalent.a.01	attributes	valence.n.01
moral.a.01	attributes	morality.n.01
immoral.a.01	attributes	morality.n.01
many.a.01	attributes	numerousness.n.01
few.a.01	attributes	numerousness.n.01
moving.a.01	attributes	motion.n.04
nonmoving.a.01	attributes	motion.n.04
natural.a.01	attributes	naturalness.n.01
unnatural.a.01	attributes	naturalness.n.01
ultimate.a.01	attributes	ultimacy.n.01
necessary.a.01	attributes	necessity.n.01
unnecessary.a.01	attributes	necessity.n.01
nice.a.01	attributes	niceness.n.02
nasty.a.01	attributes	nastiness.n.03
noble.a.03	attributes	nobility.n.02
ignoble.a.01	attributes	nobility.n.02
normal.a.01	attributes	normality.n.01
abnormal.a.01	attributes	normality.n.01
north.a.01	attributes	north.n.04
south.a.01	attributes	confederacy.n.01
northern.a.04	attributes	north.n.04
southern.a.03	attributes	south.n.04
northern.a.01	attributes	north.n.01
northern.a.01	attributes	union.n.02
southern.a.01	attributes	confederacy.n.01
southern.a.01	attributes	south.n.01
obedient.a.01	attributes	obedience.n.02
disobedient.a.01	attributes	obedience.n.02
obvious.a.01	attributes	obviousness.n.01
unobvious.a.01	attributes	obviousness.n.01
offensive.a.05	attributes	offensiveness.n.01
inoffensive.a.02	attributes	offensiveness.n.01
offensive.a.03	attributes	offensiveness.n.01
inoffensive.a.01	attributes	offensiveness.n.01
old.a.02	attributes	age.n.01
new.a.01	attributes	age.n.01
old.a.01	attributes	age.n.01
young.a.01	attributes	age.n.01
ordinary.a.01	attributes	ordinariness.n.01
extraordinary.a.01	attributes	ordinariness.n.01
original.a.03	attributes	originality.n.02
unoriginal.a.01	attributes	originality.n.02
orthodox.a.02	attributes	orthodoxy.n.01
unorthodox.a.02	attributes	orthodoxy.n.01
past.a.01	attributes	timing.n.01
present.a.01	attributes	timing.n.01
future.a.01	attributes	timing.n.01
paternal.a.02	attributes	fatherliness.n.01
maternal.a.01	attributes	motherliness.n.01
perfect.a.01	attributes	perfection.n.01
imperfect.a.01	attributes	perfection.n.01
permanent.a.01	attributes	permanence.n.01
impermanent.a.01	attributes	permanence.n.01
admissible.a.01	attributes	admissibility.n.01
inadmissible.a.01	attributes	admissibility.n.01
permissive.a.02	attributes	permissiveness.n.01
unpermissive.a.01	attributes	permissiveness.n.01
pious.a.01	attributes	piety.n.01
impious.a.01	attributes	piety.n.01
pleasant.a.01	attributes	pleasantness.n.02
unpleasant.a.01	attributes	pleasantness.n.02
popular.a.01	attributes	popularity.n.01
unpopular.a.01	attributes	popularity.n.01
positive.a.01	attributes	quality.n.01
negative.a.01	attributes	quality.n.01
possible.a.01	attributes	possibility.n.02
impossible.a.01	attributes	possibility.n.02
potent.a.03	attributes	potency.n.02
impotent.a.01	attributes	potency.n.02
powerful.a.01	attributes	power.n.01
powerless.a.01	attributes	power.n.01
practical.a.01	attributes	practicality.n.01
impractical.a.01	attributes	practicality.n.01
present.a.02	attributes	presence.n.01
absent.a.01	attributes	presence.n.01
proper.a.01	attributes	propriety.n.01
improper.a.01	attributes	propriety.n.01
proud.a.01	attributes	pride.n.03
humble.a.02	attributes	humility.n.01
purebred.a.01	attributes	ancestry.n.02
crossbred.a.01	attributes	ancestry.n.02
pure.a.06	attributes	morality.n.01
impure.a.02	attributes	morality.n.01
pure.a.01	attributes	purity.n.01
impure.a.01	attributes	purity.n.01
ready.a.01	attributes	readiness.n.01
unready.a.01	attributes	readiness.n.01
real.a.01	attributes	reality.n.02
unreal.a.01	attributes	reality.n.02
reasonable.a.01	attributes	reasonableness.n.02
unreasonable.a.01	attributes	reasonableness.n.02
regular.a.01	attributes	regularity.n.02
irregular.a.01	attributes	regularity.n.02
mindful.a.01	attributes	mindfulness.n.01
unmindful.a.01	attributes	mindfulness.n.01
reputable.a.01	attributes	repute.n.01
disreputable.a.01	attributes	repute.n.01
responsible.a.01	attributes	responsibility.n.03
irresponsible.a.01	attributes	responsibility.n.03
rich.a.01	attributes	financial_condition.n.01
poor.a.02	attributes	financial_condition.n.01
right.a.01	attributes	position.n.01
left.a.01	attributes	position.n.01
right.a.04	attributes	rightness.n.01
wrong.a.02	attributes	rightness.n.01
holy.a.01	attributes	holiness.n.01
unholy.a.01	attributes	holiness.n.01
same.a.02	attributes	sameness.n.01
different.a.01	attributes	difference.n.01
other.a.01	attributes	otherness.n.01
similar.a.01	attributes	similarity.n.01
dissimilar.a.01	attributes	similarity.n.01
sarcastic.a.01	attributes	sarcasm.n.01
unsarcastic.a.01	attributes	sarcasm.n.01
scientific.a.02	attributes	scientific_knowledge.n.01
unscientific.a.01	attributes	scientific_knowledge.n.01
seaworthy.a.01	attributes	seaworthiness.n.01
unseaworthy.a.01	attributes	seaworthiness.n.01
airworthy.a.01	attributes	airworthiness.n.01
unairworthy.a.01	attributes	airworthiness.n.01
senior.a.01	attributes	seniority.n.01
junior.a.01	attributes	seniority.n.01
sensational.a.01	attributes	sensationalism.n.01
unsensational.a.01	attributes	sensationalism.n.01
sensitive.a.01	attributes	sensitivity.n.02
insensitive.a.01	attributes	sensitivity.n.02
sensitive.a.02	attributes	sensitivity.n.03
insensitive.a.02	attributes	sensitivity.n.03
sensitizing.a.01	attributes	sensitivity.n.04
desensitizing.a.01	attributes	sensitivity.n.04
separate.a.01	attributes	separation.n.01
serious.a.01	attributes	seriousness.n.03
frivolous.a.01	attributes	seriousness.n.03
playful.a.01	attributes	playfulness.n.02
unplayful.a.01	attributes	playfulness.n.02
sexual.a.02	attributes	sex.n.04
asexual.a.01	attributes	sex.n.04
significant.a.01	attributes	significance.n.01
insignificant.a.04	attributes	significance.n.01
simple.a.01	attributes	complexity.n.01
complex.a.01	attributes	complexity.n.01
sincere.a.01	attributes	sincerity.n.02
insincere.a.01	attributes	sincerity.n.02
coarse.a.01	attributes	texture.n.01
fine.a.05	attributes	texture.n.01
social.a.02	attributes	sociality.n.01
unsocial.a.01	attributes	sociality.n.01
gregarious.a.01	attributes	gregariousness.n.01
ungregarious.a.02	attributes	gregariousness.n.01
sociable.a.01	attributes	sociability.n.01
unsociable.a.01	attributes	sociability.n.01
solid.a.02	attributes	state_of_matter.n.01
liquid.a.01	attributes	state_of_matter.n.01
gaseous.a.01	attributes	state_of_matter.n.01
solid.a.03	attributes	solidity.n.02
hollow.a.01	attributes	solidity.n.02
spirited.a.01	attributes	animation.n.03
spiritless.a.01	attributes	animation.n.03
standard.a.01	attributes	measure.n.02
nonstandard.a.02	attributes	measure.n.02
straight.a.02	attributes	shape.n.01
crooked.a.01	attributes	shape.n.01
straight.a.06	attributes	honesty.n.01
crooked.a.02	attributes	honesty.n.01
strong.a.01	attributes	strength.n.01
weak.a.01	attributes	strength.n.01
successful.a.01	attributes	success.n.03
unsuccessful.a.01	attributes	success.n.03
sufficient.a.01	attributes	quantity.n.02
insufficient.a.01	attributes	quantity.n.02
superior.a.01	attributes	quality.n.02
inferior.a.02	attributes	quality.n.02
susceptible.a.01	attributes	susceptibility.n.01
unsusceptible.a.01	attributes	susceptibility.n.01
tall.a.01	attributes	stature.n.02
short.a.03	attributes	stature.n.02
tame.a.03	attributes	tameness.n.02
wild.a.02	attributes	wildness.n.04
tasteful.a.01	attributes	taste.n.03
tasteless.a.02	attributes	taste.n.03
tasty.a.01	attributes	taste_property.n.01
tasteless.a.01	attributes	taste_property.n.01
thick.a.01	attributes	thickness.n.01
thin.a.01	attributes	thickness.n.01
thick.a.03	attributes	consistency.n.01
thick.a.03	attributes	thickness.n.04
thin.a.05	attributes	consistency.n.01
thin.a.05	attributes	thickness.n.04
thoughtful.a.02	attributes	thoughtfulness.n.03
thoughtless.a.01	attributes	thoughtfulness.n.03
tractable.a.01	attributes	tractability.n.01
intractable.a.01	attributes	tractability.n.01
true.a.01	attributes	truth.n.02
false.a.01	attributes	truth.n.02
typical.a.01	attributes	typicality.n.01
atypical.a.01	attributes	typicality.n.01
useful.a.01	attributes	utility.n.02
useless.a.01	attributes	utility.n.02
varied.a.01	attributes	diverseness.n.01
unvaried.a.01	attributes	diverseness.n.01
warm.a.01	attributes	temperature.n.01
cool.a.01	attributes	temperature.n.01
warm.a.02	attributes	emotionality.n.01
cool.a.04	attributes	emotionality.n.01
wet.a.01	attributes	wetness.n.01
dry.a.01	attributes	wetness.n.01
wide.a.01	attributes	width.n.01
narrow.a.01	attributes	width.n.01
willing.a.01	attributes	disposition.n.01
unwilling.a.01	attributes	disposition.n.01
worthy.a.01	attributes	worthiness.n.01
unworthy.a.01	attributes	worthiness.n.01
measure.n.02	attributes	nonstandard.a.02
measure.n.02	attributes	standard.a.01
sexual_activity.n.01	attributes	heterosexual.a.01
sexual_activity.n.01	attributes	homosexual.a.01
commerce.n.01	attributes	commercial.a.01
commerce.n.01	attributes	noncommercial.a.01
reassurance.n.01	attributes	reassuring.a.01
reassurance.n.01	attributes	unreassuring.a.01
outwardness.n.03	attributes	outward.a.01
inwardness.n.04	attributes	inward.a.01
introversion.n.03	attributes	introversive.a.01
nature.n.04	attributes	good-natured.a.01
nature.n.04	attributes	ill-natured.a.01
disposition.n.01	attributes	unwilling.a.01
disposition.n.01	attributes	willing.a.01
emotionality.n.01	attributes	cold.a.02
emotionality.n.01	attributes	cool.a.04
emotionality.n.01	attributes	emotional.a.02
emotionality.n.01	attributes	hot.a.03
emotionality.n.01	attributes	unemotional.a.01
emotionality.n.01	attributes	warm.a.02
drama.n.04	attributes	dramatic.a.01
drama.n.04	attributes	undramatic.a.01
cheerfulness.n.01	attributes	cheerful.a.01
cheerfulness.n.01	attributes	depressing.a.01
animation.n.03	attributes	spirited.a.01
animation.n.03	attributes	spiritless.a.01
liveliness.n.02	attributes	lively.a.01
activeness.n.02	attributes	active.a.03
activeness.n.02	attributes	active.a.05
activeness.n.02	attributes	inactive.a.09
passivity.n.01	attributes	passive.a.01
permissiveness.n.01	attributes	permissive.a.02
permissiveness.n.01	attributes	unpermissive.a.01
seriousness.n.03	attributes	frivolous.a.01
seriousness.n.03	attributes	serious.a.01
playfulness.n.02	attributes	playful.a.01
playfulness.n.02	attributes	unplayful.a.01
sociality.n.01	attributes	social.a.02
sociality.n.01	attributes	unsocial.a.01
sociability.n.01	attributes	sociable.a.01
sociability.n.01	attributes	unsociable.a.01
gregariousness.n.01	attributes	gregarious.a.01
gregariousness.n.01	attributes	ungregarious.a.02
friendliness.n.02	attributes	friendly.a.01
friendliness.n.02	attributes	unfriendly.a.02
thoughtfulness.n.03	attributes	thoughtful.a.02
thoughtfulness.n.03	attributes	thoughtless.a.01
introspectiveness.n.01	attributes	extrospective.a.01
introspectiveness.n.01	attributes	introspective.a.01
intentionality.n.01	attributes	intended.a.01
intentionality.n.01	attributes	unintended.a.01
carefulness.n.02	attributes	careful.a.01
carefulness.n.02	attributes	careless.a.01
mindfulness.n.01	attributes	mindful.a.01
mindfulness.n.01	attributes	unmindful.a.01
wariness.n.01	attributes	unwary.a.01
wariness.n.01	attributes	wary.a.01
responsibility.n.03	attributes	irresponsible.a.01
responsibility.n.03	attributes	responsible.a.01
beauty.n.01	attributes	beautiful.a.01
beauty.n.01	attributes	ugly.a.01
attractiveness.n.02	attributes	attractive.a.01
attractiveness.n.02	attributes	unattractive.a.01
clearness.n.02	attributes	clear.a.04
opacity.n.03	attributes	opaque.a.01
sharpness.n.05	attributes	sharp.a.09
conspicuousness.n.02	attributes	conspicuous.a.01
conspicuousness.n.02	attributes	inconspicuous.a.01
obviousness.n.01	attributes	noticeable.a.01
obviousness.n.01	attributes	obvious.a.01
obviousness.n.01	attributes	unnoticeable.a.02
obviousness.n.01	attributes	unobvious.a.01
ease.n.01	attributes	easy.a.01
difficulty.n.04	attributes	difficult.a.01
appropriateness.n.02	attributes	appropriate.a.01
appropriateness.n.02	attributes	apropos.a.01
appropriateness.n.02	attributes	inappropriate.a.01
appropriateness.n.02	attributes	malapropos.a.01
felicity.n.01	attributes	felicitous.a.01
felicity.n.01	attributes	infelicitous.a.01
convenience.n.02	attributes	convenient.a.01
convenience.n.02	attributes	inconvenient.a.01
handiness.n.02	attributes	accessible.a.01
handiness.n.02	attributes	available.a.01
handiness.n.02	attributes	inaccessible.a.01
handiness.n.02	attributes	unavailable.a.01
quality.n.01	attributes	bad.a.01
quality.n.01	attributes	good.a.01
quality.n.01	attributes	negative.a.01
quality.n.01	attributes	positive.a.01
humanness.n.01	attributes	human.a.03
humanness.n.01	attributes	nonhuman.a.01
quality.n.02	attributes	inferior.a.02
quality.n.02	attributes	superior.a.01
changeableness.n.01	attributes	changeable.a.02
changeableness.n.01	attributes	unchangeable.a.01
convertibility.n.01	attributes	convertible.a.01
convertibility.n.01	attributes	inconvertible.a.01
constancy.n.01	attributes	constant.a.02
constancy.n.01	attributes	inconstant.a.01
sameness.n.01	attributes	same.a.02
otherness.n.01	attributes	other.a.01
similarity.n.01	attributes	dissimilar.a.01
similarity.n.01	attributes	similar.a.01
likeness.n.01	attributes	alike.a.01
likeness.n.01	attributes	unalike.a.01
equality.n.01	attributes	equal.a.01
equality.n.01	attributes	unequal.a.01
difference.n.01	attributes	different.a.01
diverseness.n.01	attributes	unvaried.a.01
diverseness.n.01	attributes	varied.a.01
certainty.n.02	attributes	certain.a.03
certainty.n.02	attributes	uncertain.a.02
finality.n.01	attributes	conclusive.a.01
finality.n.01	attributes	inconclusive.a.01
likelihood.n.01	attributes	likely.a.01
likelihood.n.01	attributes	unlikely.a.02
concreteness.n.01	attributes	concrete.a.01
materiality.n.02	attributes	corporeal.a.01
materiality.n.02	attributes	immaterial.a.03
materiality.n.02	attributes	incorporeal.a.01
materiality.n.02	attributes	material.a.02
substantiality.n.01	attributes	insubstantial.a.01
substantiality.n.01	attributes	substantial.a.03
abstractness.n.01	attributes	abstract.a.01
individuality.n.01	attributes	individual.a.01
generality.n.02	attributes	general.a.01
generality.n.02	attributes	specific.a.01
commonality.n.02	attributes	common.a.01
complexity.n.01	attributes	complex.a.01
complexity.n.01	attributes	simple.a.01
regularity.n.02	attributes	irregular.a.01
regularity.n.02	attributes	regular.a.01
cyclicity.n.01	attributes	cyclic.a.04
cyclicity.n.01	attributes	noncyclic.a.01
evenness.n.02	attributes	even.a.03
evenness.n.02	attributes	uneven.a.01
pleasantness.n.02	attributes	pleasant.a.01
pleasantness.n.02	attributes	unpleasant.a.01
niceness.n.02	attributes	nice.a.01
nastiness.n.03	attributes	nasty.a.01
offensiveness.n.01	attributes	inoffensive.a.01
offensiveness.n.01	attributes	inoffensive.a.02
offensiveness.n.01	attributes	offensive.a.03
offensiveness.n.01	attributes	offensive.a.05
credibility.n.01	attributes	credible.a.01
credibility.n.01	attributes	incredible.a.01
logicality.n.01	attributes	illogical.a.01
logicality.n.01	attributes	logical.a.01
naturalness.n.01	attributes	natural.a.01
naturalness.n.01	attributes	unnatural.a.01
affectedness.n.01	attributes	affected.a.02
affectedness.n.01	attributes	unaffected.a.04
adequacy.n.01	attributes	adequate.a.01
adequacy.n.01	attributes	inadequate.a.01
admissibility.n.01	attributes	admissible.a.01
admissibility.n.01	attributes	inadmissible.a.01
ordinariness.n.01	attributes	extraordinary.a.01
ordinariness.n.01	attributes	ordinary.a.01
commonness.n.03	attributes	common.a.02
commonness.n.03	attributes	uncommon.a.01
usualness.n.01	attributes	unusual.a.01
usualness.n.01	attributes	usual.a.01
familiarity.n.02	attributes	familiar.a.01
familiarity.n.02	attributes	unfamiliar.a.01
unfamiliarity.n.01	attributes	foreign.a.02
foreignness.n.01	attributes	foreign.a.02
originality.n.02	attributes	original.a.03
originality.n.02	attributes	unoriginal.a.01
orthodoxy.n.01	attributes	orthodox.a.02
orthodoxy.n.01	attributes	unorthodox.a.02
conventionality.n.03	attributes	conventional.a.01
conventionality.n.03	attributes	unconventional.a.01
correctness.n.01	attributes	correct.a.01
correctness.n.01	attributes	incorrect.a.01
accuracy.n.01	attributes	accurate.a.01
accuracy.n.01	attributes	inaccurate.a.01
worthiness.n.01	attributes	unworthy.a.01
worthiness.n.01	attributes	worthy.a.01
popularity.n.01	attributes	popular.a.01
popularity.n.01	attributes	unpopular.a.01
legality.n.01	attributes	illegal.a.01
legality.n.01	attributes	legal.a.01
lawfulness.n.01	attributes	lawful.a.01
lawfulness.n.01	attributes	unlawful.a.02
clarity.n.01	attributes	clear.a.01
clarity.n.01	attributes	unclear.a.02
explicitness.n.01	attributes	explicit.a.01
explicitness.n.01	attributes	implicit.a.01
piety.n.01	attributes	impious.a.01
piety.n.01	attributes	pious.a.01
humaneness.n.01	attributes	humane.a.02
humaneness.n.01	attributes	inhumane.a.01
generosity.n.01	attributes	generous.a.01
generosity.n.01	attributes	stingy.a.01
ambition.n.02	attributes	ambitious.a.01
ambition.n.02	attributes	unambitious.a.01
intrusiveness.n.01	attributes	intrusive.a.01
intrusiveness.n.01	attributes	unintrusive.a.01
fairness.n.01	attributes	fair.a.01
fairness.n.01	attributes	unfair.a.01
kindness.n.01	attributes	kind.a.01
kindness.n.01	attributes	unkind.a.01
beneficence.n.02	attributes	beneficent.a.01
benignity.n.01	attributes	benign.a.02
malignity.n.02	attributes	malign.a.01
maleficence.n.02	attributes	maleficent.a.01
morality.n.01	attributes	immoral.a.01
morality.n.01	attributes	impure.a.02
morality.n.01	attributes	moral.a.01
morality.n.01	attributes	pure.a.06
rightness.n.01	attributes	right.a.04
rightness.n.01	attributes	wrong.a.02
good.n.02	attributes	good.a.03
virtue.n.03	attributes	chaste.a.01
virtue.n.03	attributes	unchaste.a.01
evil.n.03	attributes	evil.a.01
corruptness.n.02	attributes	corrupt.a.01
corruptness.n.02	attributes	incorrupt.a.01
holiness.n.01	attributes	holy.a.01
holiness.n.01	attributes	unholy.a.01
courage.n.01	attributes	brave.a.01
boldness.n.01	attributes	bold.a.01
cowardice.n.01	attributes	cowardly.a.01
timidity.n.02	attributes	timid.a.01
sincerity.n.02	attributes	insincere.a.01
sincerity.n.02	attributes	sincere.a.01
honorableness.n.01	attributes	dishonorable.a.01
honorableness.n.01	attributes	honorable.a.02
nobility.n.02	attributes	ignoble.a.01
nobility.n.02	attributes	noble.a.03
honesty.n.01	attributes	crooked.a.02
honesty.n.01	attributes	straight.a.06
motherliness.n.01	attributes	maternal.a.01
fatherliness.n.01	attributes	paternal.a.02
fidelity.n.02	attributes	faithful.a.01
fidelity.n.02	attributes	unfaithful.a.01
loyalty.n.01	attributes	disloyal.a.02
loyalty.n.01	attributes	loyal.a.01
abstemiousness.n.02	attributes	abstemious.a.01
gluttony.n.01	attributes	gluttonous.a.01
pride.n.03	attributes	proud.a.01
humility.n.01	attributes	humble.a.02
propriety.n.01	attributes	improper.a.01
propriety.n.01	attributes	proper.a.01
modesty.n.01	attributes	immodest.a.02
modesty.n.01	attributes	modest.a.04
tractability.n.01	attributes	intractable.a.01
tractability.n.01	attributes	tractable.a.01
tameness.n.02	attributes	tame.a.03
obedience.n.02	attributes	disobedient.a.01
obedience.n.02	attributes	obedient.a.01
wildness.n.04	attributes	wild.a.02
formality.n.02	attributes	formal.a.01
formality.n.02	attributes	formal.a.03
formality.n.02	attributes	informal.a.01
formality.n.02	attributes	informal.a.03
courtesy.n.03	attributes	courteous.a.02
courtesy.n.03	attributes	discourteous.a.01
politeness.n.01	attributes	impolite.a.01
politeness.n.01	attributes	polite.a.01
civility.n.01	attributes	civil.a.02
civility.n.01	attributes	uncivil.a.01
directness.n.01	attributes	direct.a.01
directness.n.01	attributes	indirect.a.02
immediacy.n.01	attributes	immediate.a.03
immediacy.n.01	attributes	mediate.a.01
ancestry.n.02	attributes	crossbred.a.01
ancestry.n.02	attributes	purebred.a.01
age.n.01	attributes	immature.a.04
age.n.01	attributes	mature.a.03
age.n.01	attributes	new.a.01
age.n.01	attributes	old.a.01
age.n.01	attributes	old.a.02
age.n.01	attributes	young.a.01
freshness.n.01	attributes	fresh.a.01
staleness.n.02	attributes	stale.a.01
consistency.n.01	attributes	thick.a.03
consistency.n.01	attributes	thin.a.05
thickness.n.04	attributes	thick.a.03
thickness.n.04	attributes	thin.a.05
hardness.n.01	attributes	hard.a.03
hardness.n.01	attributes	soft.a.01
breakableness.n.01	attributes	breakable.a.01
breakableness.n.01	attributes	unbreakable.a.01
absorbency.n.01	attributes	absorbent.a.01
absorbency.n.01	attributes	nonabsorbent.a.01
acquisitiveness.n.01	attributes	acquisitive.a.01
acquisitiveness.n.01	attributes	unacquisitive.a.01
texture.n.01	attributes	coarse.a.01
texture.n.01	attributes	fine.a.05
light.n.07	attributes	dark.a.01
light.n.07	attributes	light.a.06
color.n.01	attributes	colored.a.01
color.n.01	attributes	uncolored.a.01
hue.n.01	attributes	achromatic.a.01
hue.n.01	attributes	chromatic.a.03
complexion.n.01	attributes	blond.a.01
complexion.n.01	attributes	brunet.a.01
value.n.04	attributes	black.a.01
value.n.04	attributes	dark.a.02
value.n.04	attributes	light.a.02
value.n.04	attributes	white.a.01
olfactory_property.n.01	attributes	odorless.a.01
olfactory_property.n.01	attributes	odorous.a.01
musicality.n.01	attributes	musical.a.03
musicality.n.01	attributes	unmusical.a.02
pitch.n.01	attributes	high.a.04
pitch.n.01	attributes	low.a.05
volume.n.06	attributes	loud.a.01
volume.n.06	attributes	soft.a.03
taste_property.n.01	attributes	tasteless.a.01
taste_property.n.01	attributes	tasty.a.01
appetizingness.n.01	attributes	appetizing.a.01
appetizingness.n.01	attributes	unappetizing.a.01
stature.n.02	attributes	short.a.03
stature.n.02	attributes	tall.a.01
animateness.n.01	attributes	animate.a.02
animateness.n.01	attributes	inanimate.a.02
animation.n.02	attributes	alive.a.01
animation.n.02	attributes	dead.a.01
sentience.n.03	attributes	insentient.a.01
sentience.n.03	attributes	sentient.a.01
sex.n.04	attributes	androgynous.a.02
sex.n.04	attributes	asexual.a.01
sex.n.04	attributes	female.a.01
sex.n.04	attributes	male.a.01
sex.n.04	attributes	sexual.a.02
temperature.n.01	attributes	cold.a.01
temperature.n.01	attributes	cool.a.01
temperature.n.01	attributes	hot.a.01
temperature.n.01	attributes	warm.a.01
luminosity.n.01	attributes	bright.a.01
luminosity.n.01	attributes	dull.a.02
audibility.n.01	attributes	audible.a.01
audibility.n.01	attributes	inaudible.a.01
sensitivity.n.02	attributes	insensitive.a.01
sensitivity.n.02	attributes	sensitive.a.01
weight.n.01	attributes	heavy.a.01
weight.n.01	attributes	light.a.01
body_weight.n.01	attributes	fat.a.01
body_weight.n.01	attributes	thin.a.02
strength.n.01	attributes	delicate.a.01
strength.n.01	attributes	rugged.a.01
strength.n.01	attributes	strong.a.01
strength.n.01	attributes	weak.a.01
potency.n.02	attributes	impotent.a.01
potency.n.02	attributes	potent.a.03
valence.n.02	attributes	monovalent.a.02
valence.n.02	attributes	polyvalent.a.02
valence.n.01	attributes	bivalent.a.02
valence.n.01	attributes	monovalent.a.01
valence.n.01	attributes	multivalent.a.01
valence.n.01	attributes	polyvalent.a.01
valence.n.01	attributes	univalent.a.01
destructibility.n.01	attributes	destructible.a.01
destructibility.n.01	attributes	indestructible.a.01
timing.n.01	attributes	early.a.01
timing.n.01	attributes	future.a.01
timing.n.01	attributes	late.a.01
timing.n.01	attributes	middle.a.04
timing.n.01	attributes	past.a.01
timing.n.01	attributes	preceding.a.01
timing.n.01	attributes	present.a.01
timing.n.01	attributes	succeeding.a.01
currentness.n.01	attributes	current.a.01
currentness.n.01	attributes	noncurrent.a.01
modernity.n.01	attributes	modern.a.01
duration.n.03	attributes	long.a.01
duration.n.03	attributes	short.a.01
permanence.n.01	attributes	impermanent.a.01
permanence.n.01	attributes	permanent.a.01
continuity.n.03	attributes	continuous.a.01
speed.n.02	attributes	fast.a.01
speed.n.02	attributes	slow.a.01
cubicity.n.01	attributes	cubic.a.01
shape.n.01	attributes	crooked.a.01
shape.n.01	attributes	straight.a.02
curliness.n.01	attributes	curly.a.01
curliness.n.01	attributes	straight.a.03
position.n.07	attributes	anterior.a.01
position.n.07	attributes	exterior.a.01
position.n.07	attributes	external.a.01
position.n.07	attributes	inner.a.02
position.n.07	attributes	interior.a.01
position.n.07	attributes	internal.a.01
position.n.07	attributes	outer.a.01
position.n.07	attributes	posterior.a.01
position.n.04	attributes	erect.a.01
position.n.04	attributes	unerect.a.01
attention.n.06	attributes	attentive.a.01
attention.n.06	attributes	inattentive.a.01
distance.n.01	attributes	close.a.01
distance.n.01	attributes	distant.a.01
distance.n.01	attributes	far.a.01
distance.n.01	attributes	near.a.01
magnitude.n.01	attributes	measurable.a.01
degree.n.01	attributes	high.a.01
degree.n.01	attributes	intense.a.01
degree.n.01	attributes	low.a.01
degree.n.01	attributes	mild.a.01
size.n.01	attributes	large.a.01
size.n.01	attributes	small.a.01
thickness.n.01	attributes	thick.a.01
thickness.n.01	attributes	thin.a.01
quantity.n.02	attributes	abundant.a.01
quantity.n.02	attributes	insufficient.a.01
quantity.n.02	attributes	scarce.a.01
quantity.n.02	attributes	sufficient.a.01
sufficiency.n.03	attributes	ample.a.01
sufficiency.n.03	attributes	meager.a.01
moderation.n.01	attributes	immoderate.a.01
moderation.n.01	attributes	moderate.a.01
numerousness.n.01	attributes	few.a.01
numerousness.n.01	attributes	many.a.01
majority.n.01	attributes	major.a.03
minority.n.02	attributes	minor.a.03
length.n.01	attributes	long.a.02
length.n.01	attributes	short.a.02
depth.n.01	attributes	deep.a.01
depth.n.01	attributes	deep.a.03
depth.n.01	attributes	shallow.a.01
depth.n.01	attributes	shallow.a.02
width.n.01	attributes	narrow.a.01
width.n.01	attributes	wide.a.01
height.n.01	attributes	high.a.02
height.n.01	attributes	low.a.02
utility.n.02	attributes	useful.a.01
utility.n.02	attributes	useless.a.01
function.n.02	attributes	functional.a.01
function.n.02	attributes	nonfunctional.a.01
practicality.n.01	attributes	impractical.a.01
practicality.n.01	attributes	practical.a.01
reasonableness.n.02	attributes	reasonable.a.01
reasonableness.n.02	attributes	unreasonable.a.01
auspiciousness.n.01	attributes	auspicious.a.01
auspiciousness.n.01	attributes	inauspicious.a.01
auspiciousness.n.01	attributes	propitious.a.01
auspiciousness.n.01	attributes	unpropitious.a.01
importance.n.01	attributes	important.a.01
importance.n.01	attributes	unimportant.a.01
significance.n.01	attributes	insignificant.a.04
significance.n.01	attributes	significant.a.01
essentiality.n.01	attributes	essential.a.02
essentiality.n.01	attributes	inessential.a.01
dispensability.n.01	attributes	dispensable.a.01
dispensability.n.01	attributes	indispensable.a.01
power.n.01	attributes	powerful.a.01
power.n.01	attributes	powerless.a.01
interest.n.03	attributes	interesting.a.01
interest.n.03	attributes	uninteresting.a.01
color.n.02	attributes	colorful.a.01
color.n.02	attributes	colorless.a.02
effectiveness.n.01	attributes	effective.a.01
effectiveness.n.01	attributes	ineffective.a.01
efficacy.n.01	attributes	efficacious.a.01
efficacy.n.01	attributes	inefficacious.a.01
ability.n.01	attributes	able.a.01
ability.n.01	attributes	unable.a.01
astringency.n.02	attributes	astringent.a.02
astringency.n.02	attributes	nonastringent.a.01
capability.n.01	attributes	capable.a.01
capability.n.01	attributes	incapable.a.01
dullness.n.02	attributes	dull.a.01
domesticity.n.01	attributes	domestic.a.03
domesticity.n.01	attributes	undomestic.a.01
ability.n.02	attributes	able.a.01
intelligence.n.01	attributes	intelligent.a.01
intelligence.n.01	attributes	unintelligent.a.01
mind.n.07	attributes	intellectual.a.02
mind.n.07	attributes	nonintellectual.a.01
capability.n.03	attributes	capable.a.01
capability.n.03	attributes	incapable.a.01
creativity.n.01	attributes	creative.a.01
creativity.n.01	attributes	uncreative.a.01
literacy.n.01	attributes	illiterate.a.01
numeracy.n.01	attributes	innumerate.a.01
numeracy.n.01	attributes	numerate.a.01
awareness.n.01	attributes	aware.a.01
awareness.n.01	attributes	unaware.a.01
certainty.n.01	attributes	certain.a.02
certainty.n.01	attributes	uncertain.a.01
assurance.n.01	attributes	certain.a.02
assurance.n.01	attributes	uncertain.a.01
attentiveness.n.01	attributes	heedful.a.01
attentiveness.n.01	attributes	heedless.a.01
attribution.n.02	attributes	attributable.a.01
attribution.n.02	attributes	unattributable.a.01
taste.n.03	attributes	tasteful.a.01
taste.n.03	attributes	tasteless.a.02
scientific_knowledge.n.01	attributes	scientific.a.02
scientific_knowledge.n.01	attributes	unscientific.a.01
political_orientation.n.01	attributes	conservative.a.01
political_orientation.n.01	attributes	liberal.a.03
mandate.n.01	attributes	authorized.a.01
mandate.n.01	attributes	unauthorized.a.01
sarcasm.n.01	attributes	sarcastic.a.01
sarcasm.n.01	attributes	unsarcastic.a.01
prolixity.n.01	attributes	concise.a.01
prolixity.n.01	attributes	prolix.a.01
sensationalism.n.01	attributes	sensational.a.01
sensationalism.n.01	attributes	unsensational.a.01
sensitivity.n.03	attributes	insensitive.a.02
sensitivity.n.03	attributes	sensitive.a.02
fear.n.01	attributes	afraid.a.01
fear.n.01	attributes	unafraid.a.01
alarm.n.01	attributes	alarming.a.01
alarm.n.01	attributes	unalarming.a.01
confidence.n.02	attributes	confident.a.01
confidence.n.02	attributes	diffident.a.02
happiness.n.02	attributes	happy.a.01
happiness.n.02	attributes	unhappy.a.01
north.n.04	attributes	north.a.01
north.n.04	attributes	northern.a.04
south.n.04	attributes	southern.a.03
east.n.02	attributes	eastern.a.04
east.n.03	attributes	eastern.a.02
position.n.01	attributes	left.a.01
position.n.01	attributes	right.a.01
west.n.01	attributes	western.a.01
west.n.03	attributes	western.a.02
confederacy.n.01	attributes	south.a.01
confederacy.n.01	attributes	southern.a.01
south.n.01	attributes	southern.a.01
union.n.02	attributes	northern.a.01
north.n.01	attributes	northern.a.01
repulsion.n.01	attributes	repulsive.a.02
dehiscence.n.01	attributes	dehiscent.a.01
dehiscence.n.01	attributes	indehiscent.a.01
magnetism.n.01	attributes	attractive.a.03
connection.n.01	attributes	connected.a.02
connection.n.01	attributes	unconnected.a.01
direction.n.02	attributes	incoming.a.01
direction.n.02	attributes	outgoing.a.01
orientation.n.03	attributes	horizontal.a.01
orientation.n.03	attributes	inclined.a.02
orientation.n.03	attributes	vertical.a.01
temporal_relation.n.01	attributes	anterograde.a.01
temporal_relation.n.01	attributes	preceding.a.01
temporal_relation.n.01	attributes	retrograde.a.02
temporal_relation.n.01	attributes	succeeding.a.01
crisis.n.01	attributes	critical.a.06
crisis.n.01	attributes	noncritical.a.02
ultimacy.n.01	attributes	ultimate.a.01
status.n.01	attributes	dominant.a.01
status.n.01	attributes	lower-class.a.01
status.n.01	attributes	middle-class.a.01
status.n.01	attributes	subordinate.a.01
status.n.01	attributes	upper-class.a.01
seniority.n.01	attributes	junior.a.01
seniority.n.01	attributes	senior.a.01
being.n.01	attributes	existent.a.01
being.n.01	attributes	nonexistent.a.01
actuality.n.01	attributes	actual.a.01
reality.n.02	attributes	real.a.01
reality.n.02	attributes	unreal.a.01
truth.n.02	attributes	false.a.01
truth.n.02	attributes	true.a.01
presence.n.01	attributes	absent.a.01
presence.n.01	attributes	present.a.02
animation.n.01	attributes	alive.a.01
animation.n.01	attributes	dead.a.01
virginity.n.01	attributes	chaste.a.01
happiness.n.01	attributes	happy.a.01
happiness.n.01	attributes	unhappy.a.01
freedom.n.01	attributes	free.a.01
freedom.n.01	attributes	unfree.a.02
independence.n.01	attributes	dependent.a.01
independence.n.01	attributes	independent.a.01
motion.n.04	attributes	moving.a.01
motion.n.04	attributes	nonmoving.a.01
action.n.02	attributes	active.a.13
dormancy.n.01	attributes	dormant.a.02
extinction.n.01	attributes	extinct.a.02
readiness.n.01	attributes	ready.a.01
readiness.n.01	attributes	unready.a.01
criticality.n.02	attributes	critical.a.02
criticality.n.02	attributes	noncritical.a.01
excitement.n.02	attributes	exciting.a.01
excitement.n.02	attributes	unexciting.a.02
fertility.n.02	attributes	fertile.a.01
fertility.n.02	attributes	sterile.a.01
recognition.n.01	attributes	acknowledged.a.01
recognition.n.01	attributes	unacknowledged.a.01
separation.n.01	attributes	separate.a.01
maturity.n.02	attributes	immature.a.04
maturity.n.02	attributes	mature.a.03
repute.n.01	attributes	disreputable.a.01
repute.n.01	attributes	reputable.a.01
comfort.n.01	attributes	comfortable.a.01
comfort.n.01	attributes	uncomfortable.a.02
health.n.01	attributes	healthy.a.01
health.n.01	attributes	unhealthy.a.01
necessity.n.01	attributes	necessary.a.01
necessity.n.01	attributes	unnecessary.a.01
fullness.n.03	attributes	empty.a.01
fullness.n.03	attributes	full.a.01
solidity.n.02	attributes	hollow.a.01
solidity.n.02	attributes	solid.a.03
perfection.n.01	attributes	imperfect.a.01
perfection.n.01	attributes	perfect.a.01
integrity.n.01	attributes	broken.a.01
integrity.n.01	attributes	fractional.a.01
integrity.n.01	attributes	unbroken.a.05
integrity.n.01	attributes	whole.a.01
completeness.n.01	attributes	complete.a.01
completeness.n.01	attributes	incomplete.a.01
comprehensiveness.n.01	attributes	comprehensive.a.01
success.n.03	attributes	successful.a.01
success.n.03	attributes	unsuccessful.a.01
state_of_matter.n.01	attributes	gaseous.a.01
state_of_matter.n.01	attributes	liquid.a.01
state_of_matter.n.01	attributes	solid.a.02
possibility.n.02	attributes	impossible.a.01
possibility.n.02	attributes	possible.a.01
potential.n.01	attributes	potential.a.01
purity.n.01	attributes	impure.a.01
purity.n.01	attributes	pure.a.01
financial_condition.n.01	attributes	poor.a.02
financial_condition.n.01	attributes	rich.a.01
cleanness.n.01	attributes	clean.a.01
cleanness.n.01	attributes	dirty.a.01
normality.n.01	attributes	abnormal.a.01
normality.n.01	attributes	normal.a.01
typicality.n.01	attributes	atypical.a.01
typicality.n.01	attributes	typical.a.01
susceptibility.n.01	attributes	susceptible.a.01
susceptibility.n.01	attributes	unsusceptible.a.01
sensitivity.n.04	attributes	desensitizing.a.01
sensitivity.n.04	attributes	sensitizing.a.01
wetness.n.01	attributes	dry.a.01
wetness.n.01	attributes	wet.a.01
seaworthiness.n.01	attributes	seaworthy.a.01
seaworthiness.n.01	attributes	unseaworthy.a.01
airworthiness.n.01	attributes	airworthy.a.01
airworthiness.n.01	attributes	unairworthy.a.01
clock_time.n.01	attributes	antemeridian.a.01
clock_time.n.01	attributes	postmeridian.a.01
