organism.n.01	substance_meronyms	tissue.n.01
animal.n.01	substance_meronyms	animal_tissue.n.01
horn.n.02	substance_meronyms	bone.n.01
tusk.n.02	substance_meronyms	ivory.n.01
feather.n.01	substance_meronyms	keratin.n.01
feather.n.01	substance_meronyms	melanin.n.01
carapace.n.01	substance_meronyms	shell.n.02
edible_snail.n.01	substance_meronyms	escargot.n.01
whelk.n.02	substance_meronyms	whelk.n.01
periwinkle.n.04	substance_meronyms	periwinkle.n.03
hog.n.03	substance_meronyms	lard.n.01
menhaden.n.01	substance_meronyms	menhaden_oil.n.01
acetate_rayon.n.01	substance_meronyms	cellulose_acetate.n.01
adobe.n.02	substance_meronyms	adobe.n.01
aluminum_foil.n.01	substance_meronyms	aluminum.n.01
aspirin.n.01	substance_meronyms	salicylic_acid.n.01
beam.n.02	substance_meronyms	wood.n.01
belt.n.02	substance_meronyms	belting.n.01
belt.n.01	substance_meronyms	belting.n.01
blackwash.n.02	substance_meronyms	calomel.n.01
blackwash.n.02	substance_meronyms	limewater.n.01
blasting_gelatin.n.01	substance_meronyms	cellulose_nitrate.n.01
blasting_gelatin.n.01	substance_meronyms	nitroglycerin.n.01
brick.n.01	substance_meronyms	clay.n.01
calamine_lotion.n.01	substance_meronyms	hemimorphite.n.01
canvas.n.01	substance_meronyms	hemp.n.01
castor_oil.n.01	substance_meronyms	ricinoleic_acid.n.01
chalk.n.04	substance_meronyms	chalk.n.01
chenille.n.02	substance_meronyms	chenille.n.01
chino.n.01	substance_meronyms	chino.n.02
chopping_block.n.01	substance_meronyms	wood.n.01
coca.n.03	substance_meronyms	cocaine.n.01
compress.n.01	substance_meronyms	fomentation.n.01
cordite.n.01	substance_meronyms	cellulose_nitrate.n.01
cordite.n.01	substance_meronyms	nitroglycerin.n.01
cordite.n.01	substance_meronyms	petrolatum.n.01
corrugated_iron.n.01	substance_meronyms	galvanized_iron.n.01
cotton.n.02	substance_meronyms	cotton.n.01
cowhide.n.03	substance_meronyms	cowhide.n.01
cubeb.n.03	substance_meronyms	cubeb.n.01
diclofenac_potassium.n.01	substance_meronyms	acetic_acid.n.01
diclofenac_sodium.n.01	substance_meronyms	acetic_acid.n.01
diflunisal.n.01	substance_meronyms	salicylic_acid.n.01
dimetapp.n.01	substance_meronyms	brompheniramine_maleate.n.01
dynamite.n.01	substance_meronyms	nitroglycerin.n.01
eiderdown.n.01	substance_meronyms	eiderdown.n.02
emulsion.n.02	substance_meronyms	silver_bromide.n.01
emulsion.n.02	substance_meronyms	silver_nitrate.n.01
enovid.n.01	substance_meronyms	mestranol.n.01
enovid.n.01	substance_meronyms	norethynodrel.n.01
etodolac.n.01	substance_meronyms	acetic_acid.n.01
fabric.n.01	substance_meronyms	warp.n.04
fabric.n.01	substance_meronyms	woof.n.01
fenoprofen.n.01	substance_meronyms	propionic_acid.n.01
firebrick.n.01	substance_meronyms	fireclay.n.01
flurbiprofen.n.01	substance_meronyms	propionic_acid.n.01
furnace_lining.n.01	substance_meronyms	alumina.n.01
furnace_lining.n.01	substance_meronyms	fireclay.n.01
glassware.n.01	substance_meronyms	glass.n.01
gold_foil.n.01	substance_meronyms	gold.n.03
gold_leaf.n.01	substance_meronyms	gold.n.03
ibuprofen.n.01	substance_meronyms	propionic_acid.n.01
ice_cube.n.01	substance_meronyms	ice.n.01
indomethacin.n.01	substance_meronyms	acetic_acid.n.01
joint.n.06	substance_meronyms	cannabis.n.02
kaopectate.n.01	substance_meronyms	china_clay.n.01
kaopectate.n.01	substance_meronyms	pectin.n.01
ketoprofen.n.01	substance_meronyms	propionic_acid.n.01
ketorolac.n.01	substance_meronyms	acetic_acid.n.01
ketorolac_tromethamine.n.01	substance_meronyms	acetic_acid.n.01
linen.n.01	substance_meronyms	flax.n.01
loestrin.n.01	substance_meronyms	estradiol.n.01
loestrin.n.01	substance_meronyms	norethindrone.n.01
lo/ovral.n.01	substance_meronyms	estradiol.n.01
lo/ovral.n.01	substance_meronyms	norgestrel.n.01
macintosh.n.02	substance_meronyms	mackintosh.n.01
maxzide.n.01	substance_meronyms	hydrochlorothiazide.n.01
medicine.n.02	substance_meronyms	physostigmine.n.01
meerschaum.n.02	substance_meronyms	meerschaum.n.01
menthol.n.02	substance_meronyms	menthol.n.01
mentholated_salve.n.01	substance_meronyms	menthol.n.01
micronor.n.01	substance_meronyms	norethindrone.n.01
modicon.n.01	substance_meronyms	estradiol.n.01
modicon.n.01	substance_meronyms	norethindrone.n.01
mothball.n.01	substance_meronyms	camphor.n.01
mothball.n.01	substance_meronyms	naphthalene.n.01
motley.n.02	substance_meronyms	motley.n.03
nabumetone.n.01	substance_meronyms	ketone.n.01
naproxen.n.01	substance_meronyms	propionic_acid.n.01
naproxen_sodium.n.01	substance_meronyms	propionic_acid.n.01
nitrofurantoin.n.01	substance_meronyms	nitrofuran.n.01
nitrospan.n.02	substance_meronyms	nitroglycerin.n.01
nitrous_oxide.n.01	substance_meronyms	ammonium_nitrate.n.01
norinyl.n.01	substance_meronyms	mestranol.n.01
norinyl.n.01	substance_meronyms	norethindrone.n.01
norlestrin.n.01	substance_meronyms	estradiol.n.01
norlestrin.n.01	substance_meronyms	norethindrone.n.01
nor-q-d.n.01	substance_meronyms	norethindrone.n.01
nux_vomica.n.01	substance_meronyms	brucine.n.01
nux_vomica.n.01	substance_meronyms	strychnine.n.01
ointment.n.01	substance_meronyms	lanolin.n.01
olive_drab.n.02	substance_meronyms	olive_drab.n.03
opiate.n.01	substance_meronyms	opium.n.01
ovocon.n.01	substance_meronyms	estradiol.n.01
ovocon.n.01	substance_meronyms	norethindrone.n.01
ovral.n.01	substance_meronyms	estradiol.n.01
ovral.n.01	substance_meronyms	norgestrel.n.01
ovrette.n.01	substance_meronyms	norgestrel.n.01
ovulen.n.01	substance_meronyms	mestranol.n.01
oxaprozin.n.01	substance_meronyms	propionic_acid.n.01
padding.n.01	substance_meronyms	cotton.n.01
padding.n.01	substance_meronyms	kapok.n.01
padding.n.01	substance_meronyms	straw.n.01
paint.n.01	substance_meronyms	pigment.n.01
pavement.n.01	substance_meronyms	paving_stone.n.01
petrolatum_gauze.n.01	substance_meronyms	petrolatum.n.01
pill.n.05	substance_meronyms	progesterone.n.01
plastic_bomb.n.01	substance_meronyms	plastic_explosive.n.01
plate_glass.n.01	substance_meronyms	glass.n.01
pottery.n.01	substance_meronyms	clay.n.01
reserpine.n.01	substance_meronyms	rauwolfia.n.01
road.n.01	substance_meronyms	pavement.n.01
rope.n.01	substance_meronyms	hemp.n.01
rope.n.01	substance_meronyms	jute.n.01
rope.n.01	substance_meronyms	sisal.n.01
sacking.n.01	substance_meronyms	jute.n.01
cling_film.n.01	substance_meronyms	saran.n.01
screen.n.05	substance_meronyms	screening.n.02
sealing_wax.n.01	substance_meronyms	lac.n.01
semiconductor_device.n.01	substance_meronyms	semiconductor.n.01
shellac.n.02	substance_meronyms	lac.n.01
shirt.n.01	substance_meronyms	shirting.n.01
sidewalk.n.01	substance_meronyms	pavement.n.01
snowball.n.04	substance_meronyms	snow.n.02
spindle.n.02	substance_meronyms	wood.n.01
street.n.01	substance_meronyms	pavement.n.01
sulindac.n.01	substance_meronyms	ketone.n.01
sunscreen.n.01	substance_meronyms	para_aminobenzoic_acid.n.01
suture.n.03	substance_meronyms	catgut.n.02
talcum.n.02	substance_meronyms	talc.n.01
tenoretic.n.01	substance_meronyms	atenolol.n.01
tinfoil.n.01	substance_meronyms	tin.n.01
tin_plate.n.01	substance_meronyms	tin.n.02
tinware.n.01	substance_meronyms	tin_plate.n.01
tobacco.n.01	substance_meronyms	common_tobacco.n.01
tobacco.n.01	substance_meronyms	nicotine.n.01
tolmetin_sodium.n.01	substance_meronyms	ketone.n.01
tweed.n.01	substance_meronyms	wool.n.01
tyrothricin.n.01	substance_meronyms	tyrocidine.n.01
viscose_rayon.n.01	substance_meronyms	cellulose_xanthate.n.01
chromatic_color.n.01	substance_meronyms	saturation.n.04
skin.n.01	substance_meronyms	melanin.n.01
hair.n.01	substance_meronyms	keratin.n.01
bone.n.01	substance_meronyms	bone.n.02
bone.n.01	substance_meronyms	collagen.n.01
connective_tissue.n.01	substance_meronyms	collagen.n.01
elastic_tissue.n.01	substance_meronyms	elastin.n.01
cartilage.n.01	substance_meronyms	collagen.n.01
tendon.n.01	substance_meronyms	collagen.n.01
vitreous_humor.n.01	substance_meronyms	hyaluronic_acid.n.01
blood.n.01	substance_meronyms	serum.n.01
serum.n.01	substance_meronyms	opsonin.n.01
serum.n.01	substance_meronyms	serum_albumin.n.01
serum.n.01	substance_meronyms	serum_globulin.n.01
plasma.n.01	substance_meronyms	gamma_globulin.n.01
plasma.n.01	substance_meronyms	plasma_protein.n.01
chyle.n.01	substance_meronyms	lymph.n.01
tear.n.01	substance_meronyms	water.n.01
perspiration.n.01	substance_meronyms	water.n.01
gastric_juice.n.01	substance_meronyms	lipase.n.01
gastric_juice.n.01	substance_meronyms	pepsin.n.01
gastric_juice.n.01	substance_meronyms	rennin.n.01
synovia.n.01	substance_meronyms	hyaluronic_acid.n.01
mucus.n.01	substance_meronyms	mucin.n.01
saliva.n.01	substance_meronyms	ptyalin.n.01
membrane.n.02	substance_meronyms	phospholipid.n.01
nucleus.n.01	substance_meronyms	nucleoplasm.n.01
red_blood_cell.n.01	substance_meronyms	hemoglobin.n.01
fat_cell.n.01	substance_meronyms	fat.n.01
medullary_sheath.n.01	substance_meronyms	myelin.n.01
central_nervous_system.n.01	substance_meronyms	white_matter.n.01
grey_matter.n.01	substance_meronyms	neuropil.n.01
cerebral_cortex.n.01	substance_meronyms	grey_matter.n.01
endometrium.n.01	substance_meronyms	decidua.n.01
cartilaginous_structure.n.01	substance_meronyms	cartilage.n.01
tentorium.n.01	substance_meronyms	dura_mater.n.01
page.n.01	substance_meronyms	paper.n.04
journalism.n.01	substance_meronyms	copy.n.04
bran.n.02	substance_meronyms	bran.n.01
soybean_meal.n.01	substance_meronyms	soy.n.04
shrimp_cocktail.n.01	substance_meronyms	prawn.n.01
oxtail_soup.n.01	substance_meronyms	oxtail.n.01
carob.n.03	substance_meronyms	carob.n.01
chewing_gum.n.01	substance_meronyms	chicle.n.01
chocolate.n.02	substance_meronyms	cacao_bean.n.01
chocolate_candy.n.01	substance_meronyms	center.n.14
white_chocolate.n.01	substance_meronyms	cocoa_butter.n.02
mint.n.05	substance_meronyms	mint.n.04
peppermint.n.03	substance_meronyms	peppermint_oil.n.01
tapioca.n.01	substance_meronyms	cassava.n.01
pastry.n.02	substance_meronyms	flour.n.01
seedcake.n.01	substance_meronyms	caraway_seed.n.01
anise_cookie.n.01	substance_meronyms	anise.n.02
meat.n.01	substance_meronyms	palmitic_acid.n.01
meat.n.01	substance_meronyms	protein.n.01
margarine.n.01	substance_meronyms	trans_fatty_acid.n.01
margarine.n.01	substance_meronyms	vegetable_oil.n.01
canola_oil.n.01	substance_meronyms	oleic_acid.n.01
corn_oil.n.01	substance_meronyms	linoleic_acid.n.01
olive_oil.n.01	substance_meronyms	oleic_acid.n.01
soybean_oil.n.01	substance_meronyms	linoleic_acid.n.01
soybean_oil.n.01	substance_meronyms	linolenic_acid.n.01
sausage.n.01	substance_meronyms	sausage_meat.n.01
bread.n.01	substance_meronyms	flour.n.01
hoecake.n.01	substance_meronyms	cornmeal.n.01
mush.n.02	substance_meronyms	cornmeal.n.01
polenta.n.01	substance_meronyms	cornmeal.n.01
crudites.n.01	substance_meronyms	raw_vegetable.n.01
legume.n.03	substance_meronyms	protein.n.01
bean_curd.n.01	substance_meronyms	soya_milk.n.01
soy.n.04	substance_meronyms	soybean_oil.n.01
lemon_peel.n.01	substance_meronyms	lemon_oil.n.01
cocoa.n.02	substance_meronyms	cacao_bean.n.01
morello.n.02	substance_meronyms	kirsch.n.01
grape.n.01	substance_meronyms	wine.n.01
muscat.n.04	substance_meronyms	muscat.n.03
tokay.n.02	substance_meronyms	tokay.n.01
english_walnut.n.02	substance_meronyms	walnut_oil.n.01
coconut.n.02	substance_meronyms	coconut.n.01
coconut.n.02	substance_meronyms	coconut_milk.n.02
coconut.n.02	substance_meronyms	coconut_oil.n.01
coconut.n.02	substance_meronyms	copra.n.01
dika_bread.n.01	substance_meronyms	dika_nut.n.01
sunflower_seed.n.01	substance_meronyms	sunflower_oil.n.01
blowfish.n.01	substance_meronyms	tetrodotoxin.n.01
anchovy_paste.n.01	substance_meronyms	anchovy.n.01
oil_cake.n.01	substance_meronyms	field_soybean.n.01
peppermint_oil.n.01	substance_meronyms	menthol.n.01
wintergreen_oil.n.01	substance_meronyms	methyl_salicylate.n.01
sour_salt.n.01	substance_meronyms	citric_acid.n.01
five_spice_powder.n.01	substance_meronyms	chinese_anise.n.02
ginger.n.02	substance_meronyms	ginger.n.03
mace.n.03	substance_meronyms	nutmeg.n.02
mustard.n.02	substance_meronyms	isothiocyanate.n.01
mustard.n.02	substance_meronyms	mustard_seed.n.01
chili_powder.n.01	substance_meronyms	chili.n.02
cranberry_sauce.n.01	substance_meronyms	cranberry.n.02
paprika.n.02	substance_meronyms	pimento.n.02
soy_sauce.n.01	substance_meronyms	soy.n.04
tabasco.n.02	substance_meronyms	tabasco.n.03
sesame_seed.n.01	substance_meronyms	sesame_oil.n.01
vanilla_bean.n.01	substance_meronyms	vanillin.n.01
vanilla.n.02	substance_meronyms	vanilla_bean.n.01
horseradish_sauce.n.01	substance_meronyms	horseradish.n.03
egg.n.02	substance_meronyms	protein.n.01
dairy_product.n.01	substance_meronyms	palmitic_acid.n.01
milk.n.01	substance_meronyms	protein.n.01
soya_milk.n.01	substance_meronyms	soybean_meal.n.01
cheese.n.01	substance_meronyms	curd.n.02
dough.n.01	substance_meronyms	flour.n.01
seafood_newburg.n.01	substance_meronyms	newburg_sauce.n.01
poi.n.01	substance_meronyms	taro.n.03
porridge.n.01	substance_meronyms	oatmeal.n.02
malt.n.02	substance_meronyms	malt.n.03
mead.n.03	substance_meronyms	honey.n.01
mead.n.03	substance_meronyms	hydromel.n.01
oenomel.n.01	substance_meronyms	honey.n.01
neutral_spirits.n.01	substance_meronyms	ethyl_alcohol.n.01
aquavit.n.01	substance_meronyms	caraway_seed.n.01
gin.n.01	substance_meronyms	juniper_berries.n.01
sloe_gin.n.01	substance_meronyms	sloe.n.03
ouzo.n.01	substance_meronyms	anise.n.02
absinth.n.01	substance_meronyms	anise.n.02
absinth.n.01	substance_meronyms	common_wormwood.n.01
anisette.n.01	substance_meronyms	anise.n.02
chartreuse.n.01	substance_meronyms	hyssop_oil.n.01
creme_de_cacao.n.01	substance_meronyms	cacao_bean.n.01
kummel.n.01	substance_meronyms	caraway_seed.n.01
kummel.n.01	substance_meronyms	cumin.n.02
maraschino.n.01	substance_meronyms	marasca.n.01
pastis.n.01	substance_meronyms	anise.n.02
pernod.n.01	substance_meronyms	anise.n.02
ratafia.n.01	substance_meronyms	brandy.n.01
bloody_mary.n.02	substance_meronyms	vodka.n.01
bullshot.n.01	substance_meronyms	vodka.n.01
daiquiri.n.01	substance_meronyms	rum.n.01
gin_and_tonic.n.01	substance_meronyms	gin.n.01
gin_and_tonic.n.01	substance_meronyms	tonic.n.01
grasshopper.n.02	substance_meronyms	creme_de_menthe.n.01
julep.n.01	substance_meronyms	bourbon.n.02
manhattan.n.02	substance_meronyms	sweet_vermouth.n.01
manhattan.n.02	substance_meronyms	whiskey.n.01
rob_roy.n.02	substance_meronyms	scotch.n.02
martini.n.01	substance_meronyms	gin.n.01
gin_and_it.n.01	substance_meronyms	gin.n.01
gin_and_it.n.01	substance_meronyms	sweet_vermouth.n.01
vodka_martini.n.01	substance_meronyms	vodka.n.01
old_fashioned.n.01	substance_meronyms	whiskey.n.01
pink_lady.n.01	substance_meronyms	brandy.n.01
pink_lady.n.01	substance_meronyms	gin.n.01
sangaree.n.01	substance_meronyms	red_wine.n.01
screwdriver.n.02	substance_meronyms	vodka.n.01
whiskey_sour.n.01	substance_meronyms	whiskey.n.01
stinger.n.01	substance_meronyms	brandy.n.01
stinger.n.01	substance_meronyms	creme_de_menthe.n.01
swizzle.n.01	substance_meronyms	rum.n.01
hot_toddy.n.01	substance_meronyms	rum.n.01
tom_and_jerry.n.01	substance_meronyms	rum.n.01
zombie.n.05	substance_meronyms	rum.n.01
irish_coffee.n.01	substance_meronyms	irish.n.02
hard_cider.n.01	substance_meronyms	applejack.n.01
cocoa.n.01	substance_meronyms	cocoa.n.02
negus.n.01	substance_meronyms	wine.n.01
pop.n.02	substance_meronyms	soda_water.n.01
cola.n.02	substance_meronyms	kola_nut.n.01
ginger_ale.n.01	substance_meronyms	ginger.n.03
sarsaparilla.n.02	substance_meronyms	sarsaparilla_root.n.01
tonic.n.01	substance_meronyms	quinine.n.01
coffee.n.01	substance_meronyms	caffeine.n.01
coffee.n.01	substance_meronyms	coffee_bean.n.01
claret_cup.n.01	substance_meronyms	brandy.n.01
planter's_punch.n.01	substance_meronyms	rum.n.01
may_wine.n.01	substance_meronyms	sweet_woodruff.n.01
tea.n.01	substance_meronyms	caffeine.n.01
tea.n.01	substance_meronyms	tea.n.05
camomile_tea.n.01	substance_meronyms	chamomile.n.01
multivitamin.n.01	substance_meronyms	vitamin.n.01
galaxy.n.03	substance_meronyms	cosmic_dust.n.01
a-horizon.n.01	substance_meronyms	humus.n.01
alluvial_sediment.n.01	substance_meronyms	alluvial_soil.n.01
beach.n.01	substance_meronyms	sand.n.01
body_of_water.n.01	substance_meronyms	water.n.01
cloud.n.02	substance_meronyms	water_vapor.n.01
crust.n.01	substance_meronyms	sial.n.01
crust.n.01	substance_meronyms	sima.n.01
glacier.n.01	substance_meronyms	ice.n.01
quicksand.n.02	substance_meronyms	sand.n.01
sandbar.n.01	substance_meronyms	sand.n.01
spit.n.01	substance_meronyms	sand.n.01
stalactite.n.01	substance_meronyms	dripstone.n.01
stalagmite.n.01	substance_meronyms	dripstone.n.01
snowflake.n.01	substance_meronyms	water.n.01
ice_crystal.n.01	substance_meronyms	water.n.01
solar_wind.n.01	substance_meronyms	interplanetary_gas.n.01
wind.n.01	substance_meronyms	air.n.01
balsam.n.01	substance_meronyms	balsam.n.02
sago_palm.n.02	substance_meronyms	jaggery.n.01
pine.n.01	substance_meronyms	pine.n.02
white_pine.n.01	substance_meronyms	white_pine.n.02
yellow_pine.n.01	substance_meronyms	yellow_pine.n.02
larch.n.02	substance_meronyms	larch.n.01
fir.n.02	substance_meronyms	fir.n.01
cedar.n.03	substance_meronyms	cedar.n.02
spruce.n.02	substance_meronyms	spruce.n.01
hemlock.n.04	substance_meronyms	hemlock.n.03
douglas_fir.n.02	substance_meronyms	douglas_fir.n.01
cedar.n.01	substance_meronyms	cedar.n.02
cypress.n.02	substance_meronyms	cypress.n.01
oregon_cedar.n.01	substance_meronyms	port_orford_cedar.n.01
pencil_cedar.n.01	substance_meronyms	pencil_cedar.n.02
sequoia.n.01	substance_meronyms	redwood.n.01
sandarac.n.03	substance_meronyms	sandarac.n.01
sandarac.n.03	substance_meronyms	sandarac.n.02
kauri_pine.n.01	substance_meronyms	kauri.n.03
yellowwood.n.02	substance_meronyms	yellowwood.n.01
yew.n.02	substance_meronyms	yew.n.01
cottonseed.n.01	substance_meronyms	cottonseed_oil.n.01
lancewood.n.02	substance_meronyms	lancewood.n.01
sassafras.n.01	substance_meronyms	sassafras_oil.n.01
tulip_tree.n.01	substance_meronyms	tulipwood.n.02
wax_myrtle.n.01	substance_meronyms	bayberry_wax.n.01
zebrawood.n.02	substance_meronyms	zebrawood.n.01
peanut.n.01	substance_meronyms	peanut_oil.n.01
granadilla_tree.n.01	substance_meronyms	cocuswood.n.01
courbaril.n.01	substance_meronyms	courbaril_copal.n.01
acacia.n.01	substance_meronyms	gum_arabic.n.01
shittah.n.01	substance_meronyms	shittimwood.n.03
catechu.n.02	substance_meronyms	black_catechu.n.01
sabicu.n.02	substance_meronyms	sabicu.n.01
sweet_flag.n.01	substance_meronyms	calamus_oil.n.01
mescal_button.n.01	substance_meronyms	mescaline.n.01
horseradish.n.01	substance_meronyms	horseradish.n.03
horseradish.n.01	substance_meronyms	isothiocyanate.n.01
mustard.n.01	substance_meronyms	isothiocyanate.n.01
rape.n.01	substance_meronyms	rapeseed.n.01
rapeseed.n.01	substance_meronyms	rape_oil.n.01
radish.n.04	substance_meronyms	isothiocyanate.n.01
arnica_montana.n.01	substance_meronyms	arnica.n.01
safflower.n.01	substance_meronyms	safflower_oil.n.01
safflower_seed.n.01	substance_meronyms	safflower_oil.n.02
melosa.n.01	substance_meronyms	madia_oil.n.01
rice.n.02	substance_meronyms	sake.n.02
corn.n.02	substance_meronyms	corn_oil.n.01
bamboo.n.02	substance_meronyms	bamboo.n.01
ribbon_tree.n.01	substance_meronyms	new_zealand_cotton.n.01
tulipwood_tree.n.01	substance_meronyms	tulipwood.n.01
balsa.n.02	substance_meronyms	balsa.n.01
kola.n.01	substance_meronyms	cola_extract.n.01
linden.n.02	substance_meronyms	basswood.n.01
beefwood.n.05	substance_meronyms	beefwood.n.02
scrub_beefwood.n.01	substance_meronyms	beefwood.n.02
beefwood.n.03	substance_meronyms	beefwood.n.02
briarroot.n.01	substance_meronyms	briarwood.n.01
teaberry.n.01	substance_meronyms	wintergreen_oil.n.01
beech.n.01	substance_meronyms	beech.n.02
chestnut.n.02	substance_meronyms	chestnut.n.01
oak.n.02	substance_meronyms	oak.n.01
birch.n.02	substance_meronyms	birch.n.01
alder.n.02	substance_meronyms	alder.n.01
hazelnut.n.01	substance_meronyms	hazel.n.02
olive_tree.n.01	substance_meronyms	olive.n.03
olive.n.01	substance_meronyms	olive_oil.n.01
ash.n.02	substance_meronyms	ash.n.03
sweet_gum.n.03	substance_meronyms	sweet_gum.n.02
walnut.n.03	substance_meronyms	walnut.n.02
hickory.n.02	substance_meronyms	hickory.n.01
pecan.n.02	substance_meronyms	pecan.n.01
gum_tree.n.01	substance_meronyms	gumwood.n.01
eucalyptus.n.02	substance_meronyms	eucalyptus.n.01
river_red_gum.n.01	substance_meronyms	eucalyptus_gum.n.01
clove.n.01	substance_meronyms	clove.n.04
tupelo.n.02	substance_meronyms	tupelo.n.01
ginger.n.01	substance_meronyms	gingerol.n.01
poon.n.02	substance_meronyms	poon.n.01
common_gum_cistus.n.01	substance_meronyms	labdanum.n.02
red_lauan.n.02	substance_meronyms	red_lauan.n.01
elm.n.01	substance_meronyms	elm.n.02
onion.n.02	substance_meronyms	isothiocyanate.n.01
maguey.n.01	substance_meronyms	mescal.n.02
maguey.n.01	substance_meronyms	pulque.n.01
agave_tequilana.n.01	substance_meronyms	tequila.n.01
sansevieria.n.01	substance_meronyms	bowstring_hemp.n.02
brazilwood.n.02	substance_meronyms	brazilwood.n.01
locust_tree.n.01	substance_meronyms	locust.n.02
logwood.n.02	substance_meronyms	logwood.n.01
rosewood.n.02	substance_meronyms	rosewood.n.01
kingwood.n.02	substance_meronyms	kingwood.n.01
cocobolo.n.01	substance_meronyms	granadilla_wood.n.01
blackwood.n.02	substance_meronyms	blackwood.n.01
tolu_tree.n.01	substance_meronyms	tolu.n.01
peruvian_balsam.n.01	substance_meronyms	balsam_of_peru.n.01
quira.n.02	substance_meronyms	panama_redwood.n.01
padauk.n.01	substance_meronyms	amboyna.n.01
kino.n.02	substance_meronyms	east_india_kino.n.01
red_sandalwood.n.02	substance_meronyms	ruby_wood.n.01
black_locust.n.02	substance_meronyms	black_locust.n.01
sugar_palm.n.01	substance_meronyms	jaggery.n.01
palmyra.n.01	substance_meronyms	bassine.n.01
carnauba.n.02	substance_meronyms	carnauba_wax.n.01
palm_nut.n.01	substance_meronyms	palm_oil.n.01
nipa_palm.n.01	substance_meronyms	nipa.n.02
babassu_nut.n.01	substance_meronyms	babassu_oil.n.01
cohune_nut.n.01	substance_meronyms	cohune-nut_oil.n.01
raffia_palm.n.01	substance_meronyms	raffia.n.02
apple_tree.n.01	substance_meronyms	applewood.n.01
cherry.n.02	substance_meronyms	cherry.n.01
fruit_tree.n.01	substance_meronyms	fruitwood.n.01
incense_tree.n.01	substance_meronyms	elemi.n.01
incense_tree.n.01	substance_meronyms	incense_wood.n.01
myrrh_tree.n.01	substance_meronyms	myrrh.n.01
mahogany.n.02	substance_meronyms	mahogany.n.01
neem_seed.n.01	substance_meronyms	azadirachtin.n.01
neem_seed.n.01	substance_meronyms	neem_cake.n.01
spanish_cedar.n.01	substance_meronyms	cigar-box_cedar.n.01
satinwood.n.03	substance_meronyms	satinwood.n.02
orange.n.03	substance_meronyms	orangewood.n.01
citron.n.02	substance_meronyms	citronwood.n.01
jamaica_quassia.n.02	substance_meronyms	jamaica_quassia.n.01
palo_santo.n.01	substance_meronyms	guaiac_wood.n.01
lignum_vitae.n.02	substance_meronyms	guaiacum.n.01
lignum_vitae.n.02	substance_meronyms	lignum_vitae.n.01
poplar.n.02	substance_meronyms	poplar.n.01
sandalwood_tree.n.01	substance_meronyms	sandalwood.n.01
box.n.06	substance_meronyms	boxwood.n.01
maple.n.02	substance_meronyms	maple.n.01
sumac.n.02	substance_meronyms	sumac.n.01
ebony.n.03	substance_meronyms	ebony.n.02
marblewood.n.02	substance_meronyms	marblewood.n.01
balata.n.02	substance_meronyms	balata.n.01
plane_tree.n.01	substance_meronyms	sycamore.n.01
pennyroyal.n.02	substance_meronyms	pennyroyal_oil.n.02
spike_lavender.n.01	substance_meronyms	spike_lavender_oil.n.01
peppermint.n.01	substance_meronyms	peppermint_oil.n.01
spearmint.n.01	substance_meronyms	spearmint_oil.n.01
pennyroyal.n.01	substance_meronyms	pennyroyal_oil.n.01
capsicum.n.01	substance_meronyms	capsaicin.n.01
cayenne.n.01	substance_meronyms	cayenne.n.02
sweet_pepper.n.01	substance_meronyms	paprika.n.02
teak.n.02	substance_meronyms	teak.n.01
candelilla.n.02	substance_meronyms	candelilla_wax.n.01
croton.n.02	substance_meronyms	croton_oil.n.01
bitter_cassava.n.01	substance_meronyms	cassiri.n.01
cassava.n.02	substance_meronyms	tapioca.n.01
candelilla.n.01	substance_meronyms	candelilla_wax.n.01
dogwood.n.01	substance_meronyms	dogwood.n.02
pulp.n.02	substance_meronyms	parenchyma.n.02
pith.n.01	substance_meronyms	parenchyma.n.02
woody_plant.n.01	substance_meronyms	lignum.n.01
tree.n.01	substance_meronyms	heartwood.n.01
tree.n.01	substance_meronyms	sapwood.n.01
root.n.01	substance_meronyms	parenchyma.n.02
hazel.n.01	substance_meronyms	hazel.n.02
chardonnay.n.01	substance_meronyms	chardonnay.n.02
pinot_noir.n.01	substance_meronyms	pinot_noir.n.02
pinot_blanc.n.01	substance_meronyms	pinot_blanc.n.02
sauvignon_grape.n.01	substance_meronyms	medoc.n.01
cabernet_sauvignon_grape.n.01	substance_meronyms	cabernet.n.01
sauvignon_blanc.n.01	substance_meronyms	sauvignon_blanc.n.02
riesling.n.01	substance_meronyms	riesling.n.02
zinfandel.n.01	substance_meronyms	zinfandel.n.02
chenin_blanc.n.01	substance_meronyms	chenin_blanc.n.02
malvasia.n.01	substance_meronyms	malmsey.n.01
pepper.n.01	substance_meronyms	piperin.n.01
leaf.n.01	substance_meronyms	parenchyma.n.02
burl.n.02	substance_meronyms	burl.n.01
gold.n.01	substance_meronyms	gold.n.03
silver.n.02	substance_meronyms	silver.n.01
rust.n.03	substance_meronyms	ferric_oxide.n.01
haymow.n.01	substance_meronyms	hay.n.01
glioma.n.01	substance_meronyms	neuroglia.n.01
antimatter.n.01	substance_meronyms	antiparticle.n.01
alloy.n.01	substance_meronyms	solid_solution.n.01
agent_orange.n.01	substance_meronyms	dioxin.n.01
hydrazoic_acid.n.01	substance_meronyms	hydrazoite.n.01
amblygonite.n.01	substance_meronyms	lithium.n.01
amphibolite.n.01	substance_meronyms	amphibole.n.01
apatite.n.01	substance_meronyms	phosphorus.n.01
apatite.n.01	substance_meronyms	terbium.n.01
apatite.n.01	substance_meronyms	thulium.n.01
argentite.n.01	substance_meronyms	silver.n.01
argyrodite.n.01	substance_meronyms	germanium.n.01
arsenopyrite.n.01	substance_meronyms	arsenic.n.02
baddeleyite.n.01	substance_meronyms	zirconium.n.01
bastnasite.n.01	substance_meronyms	cerium.n.01
bastnasite.n.01	substance_meronyms	neodymium.n.01
bastnasite.n.01	substance_meronyms	praseodymium.n.01
bastnasite.n.01	substance_meronyms	samarium.n.01
bauxite.n.01	substance_meronyms	aluminum.n.01
bauxite.n.01	substance_meronyms	gallium.n.01
bauxite.n.01	substance_meronyms	gibbsite.n.01
beryl.n.01	substance_meronyms	beryllium.n.01
borax.n.01	substance_meronyms	boron.n.01
bornite.n.01	substance_meronyms	copper.n.01
carnallite.n.01	substance_meronyms	magnesium.n.01
carnallite.n.01	substance_meronyms	potassium.n.01
carnallite.n.01	substance_meronyms	rubidium.n.01
carnotite.n.01	substance_meronyms	vanadium.n.01
cassiterite.n.01	substance_meronyms	tin.n.01
celestite.n.01	substance_meronyms	strontium.n.01
cerussite.n.01	substance_meronyms	lead.n.02
chalcocite.n.01	substance_meronyms	copper.n.01
chalcopyrite.n.01	substance_meronyms	copper.n.01
chromite.n.01	substance_meronyms	chromium.n.01
chrysoberyl.n.01	substance_meronyms	beryllium.n.01
cinnabar.n.01	substance_meronyms	mercury.n.01
cobaltite.n.01	substance_meronyms	cobalt.n.01
sodium_chloride.n.01	substance_meronyms	chlorine.n.01
halite.n.01	substance_meronyms	sodium.n.01
cristobalite.n.01	substance_meronyms	silica.n.01
cryolite.n.01	substance_meronyms	fluorine.n.01
cuprite.n.01	substance_meronyms	copper.n.01
dolomite.n.02	substance_meronyms	magnesium.n.01
emery.n.01	substance_meronyms	corundom.n.01
emery.n.01	substance_meronyms	hematite.n.01
emery.n.01	substance_meronyms	magnetite.n.01
fergusonite.n.01	substance_meronyms	erbium.n.01
fergusonite.n.01	substance_meronyms	tantalum.n.01
fergusonite.n.01	substance_meronyms	yttrium.n.01
fluorapatite.n.01	substance_meronyms	fluorine.n.01
fluorite.n.01	substance_meronyms	calcium.n.01
fluorite.n.01	substance_meronyms	fluorine.n.01
gadolinite.n.01	substance_meronyms	beryllium.n.01
gadolinite.n.01	substance_meronyms	cerium.n.01
gadolinite.n.01	substance_meronyms	erbium.n.01
gadolinite.n.01	substance_meronyms	gadolinium.n.01
gadolinite.n.01	substance_meronyms	holmium.n.01
gadolinite.n.01	substance_meronyms	terbium.n.01
gadolinite.n.01	substance_meronyms	ytterbium.n.01
gadolinite.n.01	substance_meronyms	yttrium.n.01
galena.n.01	substance_meronyms	lead.n.02
garnierite.n.01	substance_meronyms	nickel.n.01
germanite.n.01	substance_meronyms	germanium.n.01
gibbsite.n.01	substance_meronyms	aluminum_hydroxide.n.01
gypsum.n.01	substance_meronyms	calcium.n.01
hausmannite.n.01	substance_meronyms	manganese.n.01
hausmannite.n.01	substance_meronyms	manganese_tetroxide.n.01
heavy_spar.n.01	substance_meronyms	barium.n.01
hemimorphite.n.01	substance_meronyms	cadmium.n.01
ilmenite.n.01	substance_meronyms	titanium.n.01
kainite.n.01	substance_meronyms	potassium.n.01
kernite.n.01	substance_meronyms	boron.n.01
langbeinite.n.01	substance_meronyms	potassium.n.01
lepidolite.n.01	substance_meronyms	lithium.n.01
lepidolite.n.01	substance_meronyms	rubidium.n.01
magnesite.n.01	substance_meronyms	magnesium.n.01
malachite.n.01	substance_meronyms	copper.n.01
manganite.n.01	substance_meronyms	manganese.n.01
millerite.n.01	substance_meronyms	nickel.n.01
molybdenite.n.01	substance_meronyms	molybdenum.n.01
monazite.n.01	substance_meronyms	cerium.n.01
monazite.n.01	substance_meronyms	europium.n.01
monazite.n.01	substance_meronyms	neodymium.n.01
monazite.n.01	substance_meronyms	praseodymium.n.01
monazite.n.01	substance_meronyms	samarium.n.01
monazite.n.01	substance_meronyms	terbium.n.01
monazite.n.01	substance_meronyms	thorium.n.01
monazite.n.01	substance_meronyms	thulium.n.01
monazite.n.01	substance_meronyms	ytterbium.n.01
nephelinite.n.01	substance_meronyms	nepheline.n.01
nephelinite.n.01	substance_meronyms	pyroxene.n.01
niobite.n.01	substance_meronyms	niobium.n.01
niobite.n.01	substance_meronyms	tantalum.n.01
olivine.n.01	substance_meronyms	magnesium.n.01
gasohol.n.01	substance_meronyms	ethyl_alcohol.n.01
gasohol.n.01	substance_meronyms	gasoline.n.01
methanol.n.01	substance_meronyms	allyl_alcohol.n.01
orpiment.n.01	substance_meronyms	arsenic.n.02
pentlandite.n.01	substance_meronyms	nickel.n.01
periclase.n.01	substance_meronyms	magnesium.n.01
pollucite.n.01	substance_meronyms	cesium.n.01
pollucite.n.01	substance_meronyms	rubidium.n.01
psilomelane.n.01	substance_meronyms	manganese.n.01
pyrite.n.01	substance_meronyms	selenium.n.01
pyrolusite.n.01	substance_meronyms	manganese.n.01
quartz.n.02	substance_meronyms	silica.n.01
quartz.n.02	substance_meronyms	silicon.n.01
realgar.n.01	substance_meronyms	arsenic.n.02
rhodochrosite.n.01	substance_meronyms	manganese.n.01
rock.n.02	substance_meronyms	mineral.n.01
shellac.n.01	substance_meronyms	stick_lac.n.01
seed_lac.n.01	substance_meronyms	stick_lac.n.01
adhesive_material.n.01	substance_meronyms	epoxy.n.01
brass.n.01	substance_meronyms	copper.n.01
bronze.n.01	substance_meronyms	copper.n.01
dacite.n.01	substance_meronyms	plagioclase.n.01
protein.n.01	substance_meronyms	amino_acid.n.01
protein.n.01	substance_meronyms	polypeptide.n.01
actomyosin.n.01	substance_meronyms	actin.n.01
actomyosin.n.01	substance_meronyms	myosin.n.01
chitin.n.01	substance_meronyms	glucosamine.n.01
rennet.n.01	substance_meronyms	rennin.n.01
horn.n.07	substance_meronyms	keratin.n.01
austenite.n.01	substance_meronyms	gamma_iron.n.01
austenitic_steel.n.01	substance_meronyms	austenite.n.01
basalt.n.01	substance_meronyms	plagioclase.n.01
basalt.n.01	substance_meronyms	pyroxene.n.01
bleach_liquor.n.01	substance_meronyms	bleaching_agent.n.01
buffer_solution.n.01	substance_meronyms	buffer.n.01
calcium_oxide.n.01	substance_meronyms	calcium.n.01
carbonyl.n.01	substance_meronyms	carbonyl_group.n.01
cellulose_ester.n.01	substance_meronyms	cellulose.n.01
cast_iron.n.01	substance_meronyms	pearlite.n.01
cast_iron.n.01	substance_meronyms	pig_iron.n.01
wrought_iron.n.01	substance_meronyms	pig_iron.n.01
steel.n.01	substance_meronyms	iron.n.01
steel.n.01	substance_meronyms	pearlite.n.01
cellulosic.n.01	substance_meronyms	cellulose.n.01
chalk.n.01	substance_meronyms	calcium_carbonate.n.01
clay.n.01	substance_meronyms	silicon.n.01
coal.n.01	substance_meronyms	carbon.n.01
concrete.n.01	substance_meronyms	cement.n.02
concrete.n.01	substance_meronyms	sand.n.01
creosote.n.01	substance_meronyms	creosol.n.01
deoxyribonucleic_acid.n.01	substance_meronyms	adenine.n.01
deoxyribonucleic_acid.n.01	substance_meronyms	cytosine.n.01
deoxyribonucleic_acid.n.01	substance_meronyms	guanine.n.01
deoxyribonucleic_acid.n.01	substance_meronyms	thymine.n.01
ribonucleic_acid.n.01	substance_meronyms	adenine.n.01
ribonucleic_acid.n.01	substance_meronyms	cytosine.n.01
ribonucleic_acid.n.01	substance_meronyms	guanine.n.01
ribonucleic_acid.n.01	substance_meronyms	ribose.n.01
ribonucleic_acid.n.01	substance_meronyms	uracil.n.01
dental_gold.n.01	substance_meronyms	gold.n.03
duralumin.n.01	substance_meronyms	aluminum.n.01
air.n.01	substance_meronyms	argon.n.01
air.n.01	substance_meronyms	krypton.n.01
air.n.01	substance_meronyms	neon.n.01
air.n.01	substance_meronyms	nitrogen.n.01
air.n.01	substance_meronyms	oxygen.n.01
air.n.01	substance_meronyms	xenon.n.01
water.n.01	substance_meronyms	hydrogen.n.01
water.n.01	substance_meronyms	oxygen.n.01
emery_paper.n.01	substance_meronyms	emery.n.01
sewage.n.01	substance_meronyms	effluent.n.01
ferrite.n.01	substance_meronyms	alpha_iron.n.01
fertilizer.n.01	substance_meronyms	ammonium_nitrate.n.01
fertilizer.n.01	substance_meronyms	potassium_nitrate.n.01
fertilizer.n.01	substance_meronyms	sodium_nitrate.n.01
fat.n.01	substance_meronyms	triglyceride.n.01
feldspar.n.01	substance_meronyms	silicon.n.01
fiber.n.01	substance_meronyms	cellulose.n.01
quartz_glass.n.01	substance_meronyms	silica.n.01
rust.n.01	substance_meronyms	goethite.n.01
granite.n.01	substance_meronyms	silicon.n.01
turpentine.n.02	substance_meronyms	turpentine.n.01
agar.n.01	substance_meronyms	agar.n.02
herbicide.n.01	substance_meronyms	arsenic.n.02
high-density_lipoprotein.n.01	substance_meronyms	hdl_cholesterol.n.01
coal_tar.n.01	substance_meronyms	naphthalene.n.01
ice.n.01	substance_meronyms	water.n.01
incense.n.01	substance_meronyms	stacte.n.01
insecticide.n.01	substance_meronyms	arsenic.n.02
iron_ore.n.01	substance_meronyms	iron.n.01
igneous_rock.n.01	substance_meronyms	sodalite.n.01
pegmatite.n.01	substance_meronyms	samarskite.n.01
calcite.n.01	substance_meronyms	calcium_carbonate.n.01
limestone.n.01	substance_meronyms	calcite.n.01
limestone.n.01	substance_meronyms	calcium.n.01
limestone.n.01	substance_meronyms	carbon.n.01
lint.n.01	substance_meronyms	raveling.n.01
liquid_bleach.n.01	substance_meronyms	bleaching_agent.n.01
litmus_paper.n.01	substance_meronyms	litmus.n.01
lodestone.n.01	substance_meronyms	magnetite.n.01
low-density_lipoprotein.n.01	substance_meronyms	ldl_cholesterol.n.01
lumber.n.01	substance_meronyms	wood.n.01
calomel.n.01	substance_meronyms	mercury.n.01
mortar.n.02	substance_meronyms	cement.n.02
natural_gas.n.01	substance_meronyms	methane.n.01
celluloid.n.01	substance_meronyms	camphor.n.01
celluloid.n.01	substance_meronyms	cellulose_nitrate.n.01
oxyacetylene.n.01	substance_meronyms	acetylene.n.01
ozone.n.01	substance_meronyms	oxygen.n.01
paper.n.01	substance_meronyms	cellulose.n.01
pearlite.n.01	substance_meronyms	cementite.n.01
pearlite.n.01	substance_meronyms	ferrite.n.01
petroleum.n.01	substance_meronyms	carbon.n.01
lac_dye.n.01	substance_meronyms	stick_lac.n.01
plaster_of_paris.n.01	substance_meronyms	gypsum.n.01
polysaccharide.n.01	substance_meronyms	glucosamine.n.01
porphyry.n.01	substance_meronyms	groundmass.n.01
quenched_steel.n.01	substance_meronyms	martensite.n.01
neoprene.n.01	substance_meronyms	chloroprene.n.01
buna.n.01	substance_meronyms	butadiene.n.01
butyl.n.01	substance_meronyms	isobutylene.n.01
rutile.n.01	substance_meronyms	titanium.n.01
seawater.n.01	substance_meronyms	bromine.n.01
seawater.n.01	substance_meronyms	calcium_chloride.n.01
seawater.n.01	substance_meronyms	evaporite.n.01
seawater.n.01	substance_meronyms	iodine.n.01
seawater.n.01	substance_meronyms	potassium.n.01
seawater.n.01	substance_meronyms	sodium.n.01
seawater.n.01	substance_meronyms	sodium_chloride.n.01
samarskite.n.01	substance_meronyms	gadolinium.n.01
nitrate.n.01	substance_meronyms	nitro_group.n.01
smokeless_powder.n.01	substance_meronyms	pyrocellulose.n.01
sand.n.01	substance_meronyms	silicon.n.01
scheelite.n.01	substance_meronyms	tungsten.n.01
hemoglobin.n.01	substance_meronyms	globin.n.01
hemoglobin.n.01	substance_meronyms	heme.n.01
myoglobin.n.01	substance_meronyms	heme.n.01
cytochrome.n.01	substance_meronyms	heme.n.01
hemosiderin.n.01	substance_meronyms	ferric_oxide.n.01
silicone.n.01	substance_meronyms	silicon.n.01
smaltite.n.01	substance_meronyms	cobalt.n.01
smaltite.n.01	substance_meronyms	nickel.n.01
smelling_salts.n.01	substance_meronyms	spirits_of_ammonia.n.01
snow.n.02	substance_meronyms	snowflake.n.01
spinel.n.01	substance_meronyms	magnesium.n.01
spodumene.n.01	substance_meronyms	lithium.n.01
sterling_silver.n.01	substance_meronyms	silver.n.01
stibnite.n.01	substance_meronyms	antimony.n.01
strontianite.n.01	substance_meronyms	strontium.n.01
sulfide.n.01	substance_meronyms	sulfur.n.01
sylvanite.n.01	substance_meronyms	gold.n.03
sylvanite.n.01	substance_meronyms	tellurium.n.01
sylvite.n.01	substance_meronyms	potassium.n.01
tantalite.n.01	substance_meronyms	tantalum.n.01
telluride.n.01	substance_meronyms	tellurium.n.01
thorite.n.01	substance_meronyms	thorium.n.01
thortveitite.n.01	substance_meronyms	scandium.n.01
tile.n.02	substance_meronyms	clay.n.01
tridymite.n.01	substance_meronyms	silica.n.01
uraninite.n.01	substance_meronyms	uranium.n.01
uranium_ore.n.01	substance_meronyms	actinium.n.01
uranium_ore.n.01	substance_meronyms	radium.n.01
uranyl_nitrate.n.01	substance_meronyms	uranyl.n.01
uranyl_oxalate.n.01	substance_meronyms	uranyl.n.01
linseed_oil.n.01	substance_meronyms	linoleic_acid.n.01
linseed_oil.n.01	substance_meronyms	linolenic_acid.n.01
vanadinite.n.01	substance_meronyms	vanadium.n.01
iodopsin.n.01	substance_meronyms	opsin.n.01
visual_purple.n.01	substance_meronyms	opsin.n.01
visual_purple.n.01	substance_meronyms	retinene.n.01
vitamin_b2.n.01	substance_meronyms	flavin.n.01
vitamin_d.n.01	substance_meronyms	ergosterol.n.01
vitriol.n.01	substance_meronyms	sulfur.n.01
beeswax.n.01	substance_meronyms	cerotic_acid.n.01
wood.n.01	substance_meronyms	lignin.n.01
wolframite.n.01	substance_meronyms	tungsten.n.01
xenotime.n.01	substance_meronyms	thulium.n.01
xenotime.n.01	substance_meronyms	ytterbium.n.01
xenotime.n.01	substance_meronyms	yttrium.n.01
zinc_blende.n.01	substance_meronyms	indium.n.01
zinc_blende.n.01	substance_meronyms	thallium.n.01
zinc_white.n.01	substance_meronyms	zinc_oxide.n.01
zinnwaldite.n.01	substance_meronyms	lithium.n.01
zircon.n.01	substance_meronyms	zirconium.n.01
