breathe.v.01	verb_groups	respire.v.01
breathe.v.01	verb_groups	respire.v.02
respire.v.02	verb_groups	breathe.v.01
respire.v.01	verb_groups	breathe.v.01
hyperventilate.v.02	verb_groups	hyperventilate.v.01
hyperventilate.v.01	verb_groups	hyperventilate.v.02
insufflate.v.03	verb_groups	insufflate.v.02
twitch.v.01	verb_groups	jerk.v.02
act.v.02	verb_groups	act.v.05
act.v.02	verb_groups	dissemble.v.03
make.v.19	verb_groups	gain.v.08
make.v.19	verb_groups	have.v.17
act.v.05	verb_groups	act.v.02
act.v.05	verb_groups	act.v.03
come_to.v.04	verb_groups	animate.v.04
come_to.v.04	verb_groups	resuscitate.v.01
animate.v.04	verb_groups	come_to.v.04
sneer.v.02	verb_groups	sneer.v.01
sneer.v.01	verb_groups	sneer.v.02
wash.v.13	verb_groups	wash.v.02
wash.v.02	verb_groups	wash.v.13
dress.v.16	verb_groups	dress.v.15
preen.v.03	verb_groups	dress.v.01
overdress.v.02	verb_groups	costume.v.01
overdress.v.02	verb_groups	dress.v.04
dress.v.04	verb_groups	dress.v.01
dress.v.04	verb_groups	overdress.v.02
dress.v.15	verb_groups	dress.v.16
dress.v.01	verb_groups	dress.v.02
dress.v.01	verb_groups	dress.v.04
dress.v.01	verb_groups	preen.v.03
dress.v.02	verb_groups	dress.v.01
undress.v.01	verb_groups	strip.v.13
costume.v.01	verb_groups	overdress.v.02
vest.v.05	verb_groups	vest.v.04
vest.v.04	verb_groups	vest.v.05
stratify.v.05	verb_groups	stratify.v.04
impregnate.v.04	verb_groups	impregnate.v.03
impregnate.v.03	verb_groups	impregnate.v.04
give_birth.v.01	verb_groups	have_a_bun_in_the_oven.v.01
have_a_bun_in_the_oven.v.01	verb_groups	expect.v.05
have_a_bun_in_the_oven.v.01	verb_groups	give_birth.v.01
expect.v.05	verb_groups	have_a_bun_in_the_oven.v.01
brood.v.05	verb_groups	breed.v.02
brood.v.05	verb_groups	hatch.v.01
hatch.v.01	verb_groups	brood.v.05
inflame.v.05	verb_groups	inflame.v.01
inflame.v.01	verb_groups	inflame.v.05
have.v.12	verb_groups	suffer.v.02
suffer.v.02	verb_groups	have.v.12
cry.v.02	verb_groups	cry.v.07
cry.v.07	verb_groups	cry.v.02
make.v.49	verb_groups	stool.v.04
make.v.49	verb_groups	urinate.v.01
urinate.v.01	verb_groups	make.v.49
suction.v.02	verb_groups	suction.v.01
stool.v.04	verb_groups	make.v.49
insufflate.v.02	verb_groups	insufflate.v.03
inject.v.01	verb_groups	inject.v.03
contract.v.04	verb_groups	catch.v.19
catch.v.19	verb_groups	contract.v.04
poison.v.05	verb_groups	poison.v.04
recuperate.v.04	verb_groups	recuperate.v.03
recuperate.v.03	verb_groups	recuperate.v.04
grow.v.08	verb_groups	develop.v.03
cut.v.40	verb_groups	cut.v.39
fester.v.01	verb_groups	suppurate.v.01
draw.v.36	verb_groups	draw.v.17
suppurate.v.01	verb_groups	fester.v.01
resuscitate.v.01	verb_groups	come_to.v.04
resurrect.v.01	verb_groups	resurrect.v.03
resurrect.v.03	verb_groups	resurrect.v.01
exercise.v.04	verb_groups	exercise.v.03
train.v.08	verb_groups	coach.v.01
exercise.v.03	verb_groups	exercise.v.04
fracture.v.06	verb_groups	fracture.v.05
fracture.v.05	verb_groups	fracture.v.04
fracture.v.05	verb_groups	fracture.v.06
fracture.v.04	verb_groups	fracture.v.05
cut.v.39	verb_groups	cut.v.40
give.v.44	verb_groups	give.v.43
give.v.43	verb_groups	give.v.44
shade.v.05	verb_groups	shade.v.04
shade.v.04	verb_groups	shade.v.05
convert.v.11	verb_groups	convert.v.02
convert.v.02	verb_groups	convert.v.11
sporulate.v.02	verb_groups	sporulate.v.01
malt.v.04	verb_groups	malt.v.01
malt.v.04	verb_groups	malt.v.03
malt.v.03	verb_groups	malt.v.04
keep_up.v.04	verb_groups	trace.v.01
vascularize.v.02	verb_groups	vascularize.v.01
decrepitate.v.02	verb_groups	decrepitate.v.01
decrepitate.v.01	verb_groups	decrepitate.v.02
roll.v.18	verb_groups	roll_up.v.01
roll.v.18	verb_groups	roll_up.v.06
turn.v.07	verb_groups	change_state.v.01
barbarize.v.02	verb_groups	barbarize.v.01
barbarize.v.01	verb_groups	barbarize.v.02
leave.v.04	verb_groups	leave.v.11
draw.v.35	verb_groups	draw.v.32
strike.v.11	verb_groups	strike.v.13
change_state.v.01	verb_groups	become.v.02
change_state.v.01	verb_groups	turn.v.07
vanish.v.05	verb_groups	fly.v.08
extend.v.17	verb_groups	load.v.05
bull.v.04	verb_groups	bull.v.02
change.v.06	verb_groups	switch.v.03
replace.v.01	verb_groups	supplant.v.01
reform.v.06	verb_groups	reform.v.02
change.v.05	verb_groups	switch.v.03
build_up.v.05	verb_groups	develop.v.12
build_up.v.05	verb_groups	develop.v.13
build_up.v.05	verb_groups	modernize.v.02
build_up.v.05	verb_groups	train.v.01
bail.v.05	verb_groups	bail.v.04
bail.v.04	verb_groups	bail.v.05
strip.v.13	verb_groups	undress.v.01
unclutter.v.01	verb_groups	clear.v.05
add.v.01	verb_groups	add.v.06
malt.v.01	verb_groups	malt.v.04
plug.v.06	verb_groups	plug.v.05
plug.v.05	verb_groups	plug.v.06
concatenate.v.02	verb_groups	concatenate.v.01
milk.v.01	verb_groups	milk.v.03
milk.v.03	verb_groups	milk.v.01
clear.v.05	verb_groups	clear.v.02
clear.v.05	verb_groups	unclutter.v.01
clear.v.02	verb_groups	clear.v.05
edit.v.03	verb_groups	abridge.v.01
break_in.v.06	verb_groups	break.v.22
break.v.22	verb_groups	break_in.v.06
suffer.v.05	verb_groups	suffer.v.11
suffer.v.11	verb_groups	suffer.v.05
better.v.03	verb_groups	better.v.02
better.v.02	verb_groups	better.v.03
digest.v.08	verb_groups	digest.v.06
preserve.v.04	verb_groups	keep.v.12
hydrate.v.03	verb_groups	hydrate.v.01
hydrate.v.03	verb_groups	hydrate.v.02
hydrate.v.02	verb_groups	hydrate.v.03
hydrate.v.01	verb_groups	hydrate.v.03
build.v.10	verb_groups	build_up.v.02
distill.v.02	verb_groups	distill.v.03
distill.v.02	verb_groups	purify.v.01
distill.v.03	verb_groups	distill.v.02
grow.v.03	verb_groups	grow.v.04
carry.v.09	verb_groups	extend.v.15
carry.v.09	verb_groups	prolong.v.01
oxidize.v.02	verb_groups	oxidise.v.02
oxidize.v.02	verb_groups	rust.v.03
oxidise.v.02	verb_groups	oxidize.v.02
rust.v.03	verb_groups	oxidize.v.02
mummify.v.03	verb_groups	mummify.v.02
consubstantiate.v.02	verb_groups	consubstantiate.v.01
consubstantiate.v.01	verb_groups	consubstantiate.v.02
abridge.v.01	verb_groups	edit.v.03
grow.v.04	verb_groups	grow.v.03
rotate.v.06	verb_groups	rotate.v.02
proliferate.v.02	verb_groups	proliferate.v.01
work_out.v.01	verb_groups	elaborate.v.04
elaborate.v.04	verb_groups	work_out.v.01
derive.v.03	verb_groups	derive.v.05
develop.v.10	verb_groups	develop.v.09
build_up.v.02	verb_groups	build.v.10
build_up.v.02	verb_groups	build_up.v.04
build_up.v.04	verb_groups	build_up.v.02
develop.v.12	verb_groups	build_up.v.05
mellow.v.02	verb_groups	mellow.v.01
mellow.v.01	verb_groups	mellow.v.02
distend.v.03	verb_groups	distend.v.02
distend.v.02	verb_groups	distend.v.03
break.v.03	verb_groups	fail.v.04
retrofit.v.03	verb_groups	retrofit.v.02
reform.v.01	verb_groups	reform.v.05
reform.v.05	verb_groups	reform.v.01
ionize.v.02	verb_groups	ionize.v.01
ionize.v.01	verb_groups	ionize.v.02
corrode.v.02	verb_groups	corrode.v.01
corrode.v.01	verb_groups	corrode.v.02
wash.v.10	verb_groups	wash.v.04
make.v.27	verb_groups	make.v.38
wash_out.v.07	verb_groups	wash_out.v.06
wash_out.v.06	verb_groups	wash_out.v.07
stain.v.02	verb_groups	spot.v.04
domesticate.v.03	verb_groups	domesticate.v.02
domesticate.v.02	verb_groups	domesticate.v.03
pop.v.13	verb_groups	pop.v.12
pop.v.12	verb_groups	pop.v.13
proliferate.v.01	verb_groups	proliferate.v.02
obliterate.v.03	verb_groups	obscure.v.05
obscure.v.05	verb_groups	obliterate.v.03
depreciate.v.03	verb_groups	depreciate.v.02
depreciate.v.02	verb_groups	depreciate.v.03
appreciate.v.05	verb_groups	appreciate.v.04
appreciate.v.04	verb_groups	appreciate.v.05
prolong.v.01	verb_groups	carry.v.09
extend.v.15	verb_groups	carry.v.09
farce.v.01	verb_groups	stuff.v.06
stuff.v.06	verb_groups	farce.v.01
cook.v.03	verb_groups	cook.v.05
cook.v.05	verb_groups	cook.v.03
steep.v.02	verb_groups	infuse.v.03
infuse.v.03	verb_groups	steep.v.02
draw.v.33	verb_groups	draw.v.32
branch.v.02	verb_groups	ramify.v.02
ramify.v.02	verb_groups	branch.v.02
powderize.v.02	verb_groups	powderize.v.01
powderize.v.01	verb_groups	powderize.v.02
run.v.41	verb_groups	ladder.v.01
subdivide.v.02	verb_groups	subdivide.v.01
subdivide.v.01	verb_groups	subdivide.v.02
break.v.02	verb_groups	break.v.05
smash.v.10	verb_groups	smash.v.02
ladder.v.01	verb_groups	run.v.41
break.v.05	verb_groups	break.v.02
smash.v.02	verb_groups	smash.v.10
crack.v.01	verb_groups	check.v.24
crack.v.01	verb_groups	crack.v.11
check.v.24	verb_groups	crack.v.01
crack.v.11	verb_groups	crack.v.01
dissolve.v.11	verb_groups	dissolve.v.10
break.v.53	verb_groups	develop.v.09
come.v.03	verb_groups	come.v.04
fall.v.32	verb_groups	fall.v.31
fall.v.31	verb_groups	fall.v.32
fall.v.10	verb_groups	fall.v.16
develop.v.09	verb_groups	break.v.53
develop.v.09	verb_groups	develop.v.10
develop.v.09	verb_groups	originate.v.01
happen.v.02	verb_groups	happen.v.03
get_down.v.07	verb_groups	begin.v.10
plunge.v.04	verb_groups	plunge.v.03
begin.v.03	verb_groups	begin.v.06
stick_to.v.02	verb_groups	comply.v.01
kill.v.15	verb_groups	kill.v.14
kill.v.14	verb_groups	kill.v.13
kill.v.14	verb_groups	kill.v.15
kill.v.13	verb_groups	kill.v.14
dissolve.v.10	verb_groups	dissolve.v.11
shoot.v.19	verb_groups	germinate.v.03
germinate.v.03	verb_groups	shoot.v.19
root.v.01	verb_groups	root.v.06
root.v.06	verb_groups	root.v.01
die.v.01	verb_groups	die.v.02
die.v.01	verb_groups	fail.v.04
suffocate.v.05	verb_groups	smother.v.02
leave.v.12	verb_groups	bequeath.v.01
leave.v.12	verb_groups	leave_behind.v.01
condense.v.01	verb_groups	condense.v.03
condense.v.01	verb_groups	condense.v.06
condense.v.07	verb_groups	condense.v.05
condense.v.06	verb_groups	condense.v.01
condense.v.05	verb_groups	condense.v.07
condense.v.04	verb_groups	condense.v.03
condense.v.03	verb_groups	condense.v.01
condense.v.03	verb_groups	condense.v.04
pervaporate.v.02	verb_groups	pervaporate.v.01
pervaporate.v.01	verb_groups	pervaporate.v.02
freeze.v.02	verb_groups	freeze.v.07
burn.v.03	verb_groups	burn.v.01
burn.v.07	verb_groups	burn.v.01
burn.v.07	verb_groups	incinerate.v.01
incinerate.v.01	verb_groups	burn.v.07
burn.v.01	verb_groups	burn.v.03
burn.v.01	verb_groups	burn.v.07
blister.v.01	verb_groups	blister.v.03
blister.v.03	verb_groups	blister.v.01
convert.v.03	verb_groups	convert.v.05
reform.v.02	verb_groups	reform.v.06
convert.v.05	verb_groups	convert.v.03
suffocate.v.04	verb_groups	suffocate.v.03
suffocate.v.03	verb_groups	suffocate.v.04
fuse.v.04	verb_groups	fuse.v.02
fuse.v.02	verb_groups	fuse.v.04
digest.v.06	verb_groups	digest.v.08
macerate.v.02	verb_groups	macerate.v.01
macerate.v.01	verb_groups	macerate.v.02
disintegrate.v.03	verb_groups	disintegrate.v.02
disintegrate.v.02	verb_groups	disintegrate.v.03
develop.v.19	verb_groups	develop.v.03
develop.v.19	verb_groups	explicate.v.02
cram.v.04	verb_groups	cram.v.03
modernize.v.02	verb_groups	build_up.v.05
relocate.v.02	verb_groups	relocate.v.01
relocate.v.01	verb_groups	relocate.v.02
equal.v.03	verb_groups	equal.v.02
erupt.v.07	verb_groups	erupt.v.04
wash_up.v.04	verb_groups	wash_up.v.02
reduce.v.01	verb_groups	cut.v.35
cut.v.35	verb_groups	reduce.v.01
draw.v.32	verb_groups	draw.v.33
draw.v.32	verb_groups	draw.v.35
thicken.v.02	verb_groups	thicken.v.01
thicken.v.01	verb_groups	thicken.v.02
slump.v.03	verb_groups	sink.v.01
fail.v.04	verb_groups	break.v.03
fail.v.04	verb_groups	die.v.01
roll_up.v.06	verb_groups	roll.v.18
roll_up.v.01	verb_groups	roll.v.18
harden.v.01	verb_groups	harden.v.02
harden.v.02	verb_groups	harden.v.01
melt.v.01	verb_groups	run.v.27
freeze.v.07	verb_groups	freeze.v.02
dissolve.v.01	verb_groups	dissolve.v.07
dissolve.v.07	verb_groups	dissolve.v.01
clear.v.23	verb_groups	clear.v.22
clear.v.22	verb_groups	clear.v.23
match.v.09	verb_groups	match.v.05
match.v.05	verb_groups	match.v.09
homogenize.v.01	verb_groups	homogenize.v.03
homogenize.v.03	verb_groups	homogenize.v.01
sour.v.01	verb_groups	ferment.v.03
ferment.v.03	verb_groups	sour.v.01
catch.v.29	verb_groups	catch.v.16
hush.v.02	verb_groups	quieten.v.01
louden.v.02	verb_groups	louden.v.01
synchronize.v.06	verb_groups	synchronize.v.05
synchronize.v.05	verb_groups	synchronize.v.06
normalize.v.02	verb_groups	normalize.v.01
normalize.v.01	verb_groups	normalize.v.02
eliminate.v.03	verb_groups	decimate.v.01
decimate.v.01	verb_groups	eliminate.v.03
purify.v.01	verb_groups	distill.v.02
draw.v.31	verb_groups	pucker.v.01
digest.v.04	verb_groups	digest.v.01
follow_through.v.02	verb_groups	carry_through.v.01
load.v.05	verb_groups	extend.v.17
seclude.v.01	verb_groups	adjourn.v.02
charge.v.25	verb_groups	charge.v.08
urbanize.v.01	verb_groups	urbanize.v.02
urbanize.v.02	verb_groups	urbanize.v.01
decarboxylate.v.02	verb_groups	decarboxylate.v.01
decarboxylate.v.01	verb_groups	decarboxylate.v.02
stratify.v.02	verb_groups	stratify.v.04
mark.v.05	verb_groups	tag.v.01
run.v.15	verb_groups	play.v.18
charge.v.24	verb_groups	charge.v.23
charge.v.23	verb_groups	charge.v.24
receive.v.02	verb_groups	get.v.01
cure.v.02	verb_groups	cure.v.04
cure.v.04	verb_groups	cure.v.02
saponify.v.02	verb_groups	saponify.v.01
saponify.v.01	verb_groups	saponify.v.02
widen.v.04	verb_groups	extend.v.09
extend.v.09	verb_groups	widen.v.04
ream.v.03	verb_groups	ream.v.02
ream.v.02	verb_groups	ream.v.03
come.v.04	verb_groups	come.v.03
dress.v.06	verb_groups	dress.v.10
dress.v.06	verb_groups	trim.v.06
catch.v.12	verb_groups	catch.v.22
develop.v.03	verb_groups	develop.v.13
develop.v.03	verb_groups	develop.v.19
develop.v.03	verb_groups	explicate.v.02
develop.v.03	verb_groups	grow.v.08
erupt.v.04	verb_groups	erupt.v.07
switch.v.03	verb_groups	change.v.05
switch.v.03	verb_groups	change.v.06
brush.v.05	verb_groups	brush.v.03
wash.v.09	verb_groups	wash.v.01
wash.v.09	verb_groups	wash_out.v.02
fall.v.27	verb_groups	fall.v.26
fall.v.26	verb_groups	fall.v.27
run_out.v.01	verb_groups	run_out.v.06
run_out.v.06	verb_groups	run_out.v.01
reflate.v.02	verb_groups	reflate.v.01
reflate.v.01	verb_groups	reflate.v.02
gelatinize.v.03	verb_groups	gelatinize.v.02
gelatinize.v.02	verb_groups	gelatinize.v.03
recombine.v.02	verb_groups	recombine.v.01
recombine.v.01	verb_groups	recombine.v.02
masculinize.v.02	verb_groups	masculinize.v.01
masculinize.v.01	verb_groups	masculinize.v.02
desorb.v.02	verb_groups	desorb.v.01
desorb.v.01	verb_groups	desorb.v.02
pull.v.17	verb_groups	draw.v.05
drift.v.09	verb_groups	drift.v.04
play_out.v.04	verb_groups	run_down.v.06
isomerize.v.02	verb_groups	isomerize.v.01
isomerize.v.01	verb_groups	isomerize.v.02
evaporate.v.03	verb_groups	evaporate.v.02
evaporate.v.02	verb_groups	evaporate.v.03
keratinize.v.02	verb_groups	keratinize.v.01
keratinize.v.01	verb_groups	keratinize.v.02
opacify.v.02	verb_groups	opacify.v.01
opacify.v.01	verb_groups	opacify.v.02
popularize.v.02	verb_groups	popularize.v.01
transaminate.v.02	verb_groups	transaminate.v.01
transaminate.v.01	verb_groups	transaminate.v.02
vesiculate.v.02	verb_groups	vesiculate.v.01
vesiculate.v.01	verb_groups	vesiculate.v.02
vascularize.v.01	verb_groups	vascularize.v.02
professionalize.v.02	verb_groups	professionalize.v.01
professionalize.v.01	verb_groups	professionalize.v.02
upgrade.v.05	verb_groups	upgrade.v.04
upgrade.v.04	verb_groups	upgrade.v.05
catch.v.18	verb_groups	catch.v.24
catch.v.18	verb_groups	get.v.21
understand.v.02	verb_groups	see.v.17
understand.v.02	verb_groups	visualize.v.01
know.v.04	verb_groups	know.v.11
know.v.01	verb_groups	know.v.03
know.v.03	verb_groups	know.v.01
master.v.04	verb_groups	operate.v.03
learn.v.02	verb_groups	witness.v.02
steep.v.01	verb_groups	plunge.v.05
plunge.v.05	verb_groups	steep.v.01
train.v.02	verb_groups	prepare.v.05
train.v.02	verb_groups	train.v.01
train.v.01	verb_groups	build_up.v.05
train.v.01	verb_groups	prepare.v.05
train.v.01	verb_groups	train.v.02
cram.v.03	verb_groups	cram.v.04
know.v.11	verb_groups	know.v.04
forget.v.04	verb_groups	leave.v.02
abandon.v.04	verb_groups	collapse.v.01
abandon.v.04	verb_groups	move_over.v.01
leave.v.02	verb_groups	forget.v.04
confuse.v.01	verb_groups	confuse.v.05
confuse.v.01	verb_groups	jumble.v.02
read.v.10	verb_groups	take.v.06
confuse.v.05	verb_groups	confuse.v.01
confuse.v.02	verb_groups	confuse.v.03
interpret.v.01	verb_groups	see.v.05
take.v.06	verb_groups	read.v.05
take.v.06	verb_groups	read.v.10
read.v.01	verb_groups	read.v.02
read.v.01	verb_groups	read.v.03
read.v.03	verb_groups	read.v.01
read.v.05	verb_groups	take.v.06
theorize.v.03	verb_groups	theorize.v.02
theorize.v.02	verb_groups	theorize.v.03
calculate.v.01	verb_groups	work_out.v.05
work_out.v.05	verb_groups	calculate.v.01
prorate.v.02	verb_groups	prorate.v.01
prorate.v.01	verb_groups	prorate.v.02
get.v.20	verb_groups	get.v.21
add.v.04	verb_groups	total.v.02
explore.v.04	verb_groups	explore.v.03
explore.v.03	verb_groups	explore.v.04
treat.v.08	verb_groups	treat.v.01
distinguish.v.03	verb_groups	mark.v.02
compare.v.01	verb_groups	compare.v.02
reconsider.v.01	verb_groups	reconsider.v.02
reconsider.v.02	verb_groups	reconsider.v.01
check.v.01	verb_groups	check.v.06
check.v.06	verb_groups	check.v.01
check.v.06	verb_groups	see.v.10
see.v.10	verb_groups	check.v.06
see.v.10	verb_groups	check.v.22
see.v.10	verb_groups	control.v.05
see.v.10	verb_groups	determine.v.08
check.v.22	verb_groups	see.v.10
digest.v.03	verb_groups	suffer.v.03
take.v.19	verb_groups	take.v.15
test.v.07	verb_groups	quiz.v.01
test.v.07	verb_groups	test.v.05
measure.v.04	verb_groups	assess.v.04
assess.v.04	verb_groups	measure.v.04
hold.v.16	verb_groups	deem.v.01
accept.v.01	verb_groups	accept.v.04
see.v.05	verb_groups	interpret.v.01
call.v.27	verb_groups	call.v.02
deem.v.01	verb_groups	hold.v.16
make.v.44	verb_groups	draw.v.04
make.v.44	verb_groups	make.v.43
make.v.43	verb_groups	make.v.44
want.v.04	verb_groups	want.v.03
dally.v.04	verb_groups	dally.v.01
interrelate.v.02	verb_groups	relate.v.04
correlate.v.02	verb_groups	correlate.v.01
find.v.05	verb_groups	rule.v.04
accept.v.04	verb_groups	accept.v.01
expect.v.01	verb_groups	expect.v.03
expect.v.03	verb_groups	expect.v.01
discover.v.04	verb_groups	discover.v.03
concentrate.v.02	verb_groups	rivet.v.03
rivet.v.03	verb_groups	concentrate.v.02
catch.v.01	verb_groups	catch.v.28
catch.v.28	verb_groups	catch.v.01
impute.v.01	verb_groups	impute.v.02
impute.v.02	verb_groups	impute.v.01
register.v.10	verb_groups	record.v.04
trace.v.01	verb_groups	keep_up.v.04
trace.v.01	verb_groups	watch.v.02
draw.v.04	verb_groups	make.v.44
give.v.10	verb_groups	sacrifice.v.01
break.v.51	verb_groups	break.v.50
break.v.50	verb_groups	break.v.51
call.v.26	verb_groups	call.v.20
call.v.25	verb_groups	shout.v.02
think.v.09	verb_groups	think.v.08
think.v.08	verb_groups	think.v.09
give.v.41	verb_groups	give.v.19
give.v.41	verb_groups	give.v.35
request.v.01	verb_groups	invite.v.07
call.v.24	verb_groups	call.v.05
claim.v.05	verb_groups	necessitate.v.01
claim.v.04	verb_groups	claim.v.02
supplicate.v.01	verb_groups	supplicate.v.02
supplicate.v.01	verb_groups	supplicate.v.03
supplicate.v.03	verb_groups	supplicate.v.01
supplicate.v.02	verb_groups	supplicate.v.01
commune.v.02	verb_groups	communicate.v.06
push.v.02	verb_groups	tug.v.02
bring.v.11	verb_groups	bring.v.10
hook.v.12	verb_groups	hook.v.11
hook.v.11	verb_groups	hook.v.12
seduce.v.02	verb_groups	seduce.v.01
call.v.22	verb_groups	call.v.10
ask.v.01	verb_groups	ask.v.03
ask.v.01	verb_groups	ask.v.05
ask.v.03	verb_groups	ask.v.01
quiz.v.01	verb_groups	test.v.07
call.v.03	verb_groups	call.v.09
call_in.v.02	verb_groups	call_in.v.01
call.v.05	verb_groups	call.v.07
call.v.05	verb_groups	call.v.24
reserve.v.03	verb_groups	reserve.v.04
reject.v.04	verb_groups	refuse.v.02
reject.v.04	verb_groups	reject.v.06
retreat.v.04	verb_groups	withdraw.v.01
permit.v.01	verb_groups	allow.v.03
agree.v.01	verb_groups	agree.v.07
confront.v.02	verb_groups	confront.v.03
consider.v.05	verb_groups	study.v.03
blaspheme.v.02	verb_groups	curse.v.01
attest.v.02	verb_groups	attest.v.04
attest.v.04	verb_groups	attest.v.01
attest.v.04	verb_groups	attest.v.02
attest.v.01	verb_groups	attest.v.04
reflect.v.07	verb_groups	reflect.v.06
reflect.v.06	verb_groups	reflect.v.07
call.v.21	verb_groups	call.v.17
coach.v.01	verb_groups	train.v.08
suborn.v.03	verb_groups	suborn.v.02
suborn.v.02	verb_groups	suborn.v.03
feign.v.01	verb_groups	make.v.42
make.v.42	verb_groups	feign.v.01
curse.v.01	verb_groups	blaspheme.v.02
call.v.20	verb_groups	call.v.26
warn.v.01	verb_groups	warn.v.02
warn.v.02	verb_groups	warn.v.01
call.v.19	verb_groups	call.v.14
familiarize.v.01	verb_groups	introduce.v.01
move.v.16	verb_groups	move.v.15
give.v.18	verb_groups	give.v.37
give.v.18	verb_groups	sacrifice.v.01
give.v.37	verb_groups	give.v.18
profess.v.06	verb_groups	profess.v.05
profess.v.05	verb_groups	profess.v.06
guarantee.v.01	verb_groups	guarantee.v.02
bail.v.03	verb_groups	bail.v.01
guarantee.v.02	verb_groups	guarantee.v.01
cover.v.14	verb_groups	cover.v.10
cover.v.14	verb_groups	cover.v.15
ask.v.05	verb_groups	ask.v.01
introduce.v.01	verb_groups	familiarize.v.01
wish.v.05	verb_groups	wish.v.03
wish.v.03	verb_groups	wish.v.05
whine.v.04	verb_groups	snivel.v.01
patronize.v.04	verb_groups	run_on.v.02
regret.v.04	verb_groups	regret.v.03
regret.v.03	verb_groups	regret.v.04
exclaim.v.01	verb_groups	call_out.v.02
exclaim.v.01	verb_groups	shout.v.02
shout.v.02	verb_groups	call.v.25
shout.v.02	verb_groups	exclaim.v.01
determine.v.01	verb_groups	determine.v.08
determine.v.01	verb_groups	discover.v.03
determine.v.08	verb_groups	determine.v.01
determine.v.08	verb_groups	see.v.10
mark.v.02	verb_groups	distinguish.v.03
say.v.11	verb_groups	say.v.07
explicate.v.02	verb_groups	develop.v.03
explicate.v.02	verb_groups	develop.v.19
say.v.07	verb_groups	say.v.11
denote.v.02	verb_groups	denote.v.01
mean.v.03	verb_groups	signify.v.02
denote.v.01	verb_groups	denote.v.02
signify.v.02	verb_groups	mean.v.03
unwrap.v.02	verb_groups	break.v.46
break.v.46	verb_groups	unwrap.v.02
spill_the_beans.v.01	verb_groups	spill.v.05
talk.v.02	verb_groups	verbalize.v.01
verbalize.v.01	verb_groups	talk.v.02
total.v.02	verb_groups	add.v.04
nasalize.v.02	verb_groups	nasalize.v.01
nasalize.v.01	verb_groups	nasalize.v.02
spill.v.05	verb_groups	spill_the_beans.v.01
translate.v.01	verb_groups	translate.v.07
report.v.05	verb_groups	cover.v.13
cover.v.13	verb_groups	report.v.05
circulate.v.02	verb_groups	go_around.v.02
go_around.v.02	verb_groups	circulate.v.02
popularize.v.01	verb_groups	popularize.v.02
call.v.02	verb_groups	call.v.08
call.v.02	verb_groups	call.v.27
call.v.02	verb_groups	name.v.01
rule.v.04	verb_groups	find.v.05
call.v.10	verb_groups	call.v.22
call_out.v.02	verb_groups	exclaim.v.01
advertise.v.02	verb_groups	crusade.v.01
write.v.02	verb_groups	write.v.04
film.v.01	verb_groups	photograph.v.01
photograph.v.01	verb_groups	film.v.01
write.v.04	verb_groups	write.v.02
write.v.04	verb_groups	write.v.05
sum_up.v.01	verb_groups	summarize.v.02
state.v.01	verb_groups	say.v.09
say.v.09	verb_groups	state.v.01
stipulate.v.01	verb_groups	stipulate.v.02
stipulate.v.02	verb_groups	stipulate.v.01
quote.v.01	verb_groups	quote.v.03
quote.v.03	verb_groups	quote.v.01
allude.v.01	verb_groups	refer.v.02
name.v.01	verb_groups	address.v.06
name.v.01	verb_groups	call.v.02
excommunicate.v.01	verb_groups	excommunicate.v.02
communicate.v.06	verb_groups	commune.v.02
write.v.05	verb_groups	write.v.04
cover.v.05	verb_groups	embrace.v.01
cover.v.05	verb_groups	treat.v.01
agree.v.07	verb_groups	agree.v.01
snivel.v.01	verb_groups	whine.v.04
give.v.21	verb_groups	give.v.35
carry.v.04	verb_groups	impart.v.03
carry.v.17	verb_groups	transport.v.02
call.v.09	verb_groups	call.v.03
invite.v.07	verb_groups	request.v.01
confront.v.03	verb_groups	confront.v.02
sing.v.03	verb_groups	sing.v.01
call.v.08	verb_groups	call.v.02
call.v.17	verb_groups	call.v.21
demand.v.05	verb_groups	demand.v.04
demand.v.04	verb_groups	demand.v.05
connect.v.06	verb_groups	connect.v.04
connect.v.04	verb_groups	connect.v.06
give.v.35	verb_groups	give.v.21
give.v.35	verb_groups	give.v.41
begin.v.10	verb_groups	get_down.v.07
stet.v.02	verb_groups	stet.v.01
message.v.03	verb_groups	message.v.02
message.v.02	verb_groups	message.v.01
message.v.02	verb_groups	message.v.03
message.v.01	verb_groups	message.v.02
play.v.01	verb_groups	meet.v.10
develop.v.18	verb_groups	develop.v.17
develop.v.17	verb_groups	develop.v.18
move.v.15	verb_groups	move.v.16
meet.v.10	verb_groups	play.v.01
meet.v.10	verb_groups	play.v.31
meet.v.10	verb_groups	play.v.32
meet.v.10	verb_groups	play.v.33
play.v.33	verb_groups	meet.v.10
play.v.33	verb_groups	play.v.15
play.v.32	verb_groups	meet.v.10
play.v.32	verb_groups	play.v.15
promote.v.05	verb_groups	promote.v.04
promote.v.04	verb_groups	promote.v.05
play.v.31	verb_groups	meet.v.10
play_out.v.03	verb_groups	play_out.v.02
catch.v.27	verb_groups	catch.v.04
convert.v.08	verb_groups	convert.v.06
convert.v.08	verb_groups	convert.v.07
convert.v.07	verb_groups	convert.v.08
convert.v.06	verb_groups	convert.v.08
man.v.02	verb_groups	man.v.01
barnstorm.v.02	verb_groups	barnstorm.v.01
barnstorm.v.01	verb_groups	barnstorm.v.02
serve.v.02	verb_groups	serve.v.13
rotate.v.03	verb_groups	rotate.v.02
carry.v.38	verb_groups	carry.v.11
carry.v.38	verb_groups	carry.v.37
carry.v.11	verb_groups	carry.v.23
carry.v.11	verb_groups	carry.v.38
carry.v.37	verb_groups	carry.v.38
beat.v.01	verb_groups	outwit.v.01
outwit.v.01	verb_groups	beat.v.01
steamroller.v.04	verb_groups	steamroller.v.01
test.v.05	verb_groups	test.v.07
walk.v.03	verb_groups	walk.v.05
resist.v.04	verb_groups	stand.v.04
attack.v.03	verb_groups	attack.v.01
attack.v.01	verb_groups	attack.v.03
carry.v.36	verb_groups	carry.v.35
carry.v.35	verb_groups	carry.v.36
strike.v.04	verb_groups	hit.v.05
strike.v.04	verb_groups	shoot.v.01
cover.v.09	verb_groups	cover.v.03
defend.v.03	verb_groups	hold.v.29
blast.v.07	verb_groups	shoot.v.01
shoot.v.01	verb_groups	blast.v.07
shoot.v.01	verb_groups	shoot.v.02
shoot.v.01	verb_groups	strike.v.04
play.v.10	verb_groups	play.v.29
walk.v.05	verb_groups	walk.v.03
drive.v.22	verb_groups	drive.v.21
drive.v.21	verb_groups	drive.v.22
hunt.v.01	verb_groups	hunt.v.07
hunt.v.01	verb_groups	run.v.26
hunt.v.07	verb_groups	hunt.v.01
cover.v.12	verb_groups	cover.v.24
cover.v.24	verb_groups	cover.v.12
play.v.15	verb_groups	play.v.32
play.v.15	verb_groups	play.v.33
charge.v.17	verb_groups	point.v.10
point.v.10	verb_groups	charge.v.17
pay_back.v.02	verb_groups	pay.v.10
overtake.v.01	verb_groups	catch.v.09
bet.v.02	verb_groups	play.v.29
play.v.29	verb_groups	bet.v.02
play.v.29	verb_groups	play.v.10
consume.v.05	verb_groups	take.v.02
use.v.01	verb_groups	practice.v.04
exploit.v.01	verb_groups	work.v.18
eat.v.02	verb_groups	eat.v.01
eat.v.01	verb_groups	eat.v.02
eat.v.01	verb_groups	feed.v.06
suck.v.01	verb_groups	breastfeed.v.01
drink.v.02	verb_groups	drink.v.05
drink.v.05	verb_groups	drink.v.02
regale.v.01	verb_groups	treat.v.05
board.v.04	verb_groups	board.v.03
board.v.03	verb_groups	board.v.04
feed.v.06	verb_groups	eat.v.01
serve.v.06	verb_groups	serve.v.05
serve.v.05	verb_groups	serve.v.06
feast.v.01	verb_groups	feast.v.02
feast.v.02	verb_groups	feast.v.01
breastfeed.v.01	verb_groups	suck.v.01
starve.v.03	verb_groups	starve.v.05
starve.v.05	verb_groups	starve.v.03
run_low.v.01	verb_groups	go.v.28
go.v.28	verb_groups	run_low.v.01
digest.v.01	verb_groups	digest.v.04
carry.v.34	verb_groups	carry.v.31
range.v.07	verb_groups	crop.v.05
touch.v.05	verb_groups	converge.v.01
cover.v.02	verb_groups	cover.v.01
hit.v.05	verb_groups	strike.v.04
feel.v.09	verb_groups	feel.v.08
feel.v.13	verb_groups	feel.v.08
palpate.v.01	verb_groups	feel.v.08
guide.v.05	verb_groups	run.v.23
guide.v.05	verb_groups	string.v.01
carry.v.05	verb_groups	carry.v.20
carry.v.05	verb_groups	carry.v.24
cling.v.01	verb_groups	adhere.v.06
cling.v.01	verb_groups	stick.v.09
operate.v.03	verb_groups	master.v.04
break.v.45	verb_groups	break.v.44
break.v.44	verb_groups	break.v.45
laminate.v.04	verb_groups	laminate.v.02
laminate.v.04	verb_groups	laminate.v.03
daub.v.03	verb_groups	daub.v.02
knead.v.01	verb_groups	cultivate.v.02
knead.v.01	verb_groups	work.v.14
hit.v.02	verb_groups	strike.v.01
brush.v.02	verb_groups	brush.v.04
carry.v.32	verb_groups	transport.v.02
pull_back.v.04	verb_groups	pull_back.v.03
brush.v.03	verb_groups	brush.v.05
abscise.v.02	verb_groups	abscise.v.01
abscise.v.01	verb_groups	abscise.v.02
wash.v.01	verb_groups	wash.v.03
wash.v.01	verb_groups	wash.v.07
wash.v.01	verb_groups	wash.v.09
face.v.09	verb_groups	face.v.08
revet.v.02	verb_groups	revet.v.01
revet.v.01	verb_groups	revet.v.02
face.v.08	verb_groups	face.v.09
score.v.02	verb_groups	scar.v.01
pucker.v.01	verb_groups	draw.v.31
suck_in.v.03	verb_groups	aspirate.v.01
anastomose.v.02	verb_groups	anastomose.v.01
anastomose.v.01	verb_groups	anastomose.v.02
match.v.03	verb_groups	match.v.07
match.v.07	verb_groups	match.v.03
keep.v.21	verb_groups	prevent.v.02
impound.v.02	verb_groups	pound.v.06
pound.v.06	verb_groups	impound.v.02
replace.v.03	verb_groups	supplant.v.01
stratify.v.04	verb_groups	stratify.v.02
stratify.v.04	verb_groups	stratify.v.05
daub.v.02	verb_groups	daub.v.03
daub.v.02	verb_groups	plaster.v.05
excavate.v.02	verb_groups	locate.v.01
browse.v.03	verb_groups	shop.v.03
want.v.03	verb_groups	want.v.04
scratch.v.07	verb_groups	engrave.v.04
engrave.v.04	verb_groups	scratch.v.07
poison.v.02	verb_groups	poison.v.04
poison.v.04	verb_groups	poison.v.02
poison.v.04	verb_groups	poison.v.05
kill.v.01	verb_groups	kill.v.10
kill.v.10	verb_groups	kill.v.01
kill.v.10	verb_groups	kill.v.09
kill.v.09	verb_groups	kill.v.10
hitch.v.01	verb_groups	catch.v.16
catch.v.16	verb_groups	catch.v.29
catch.v.16	verb_groups	hitch.v.01
cover.v.01	verb_groups	cover.v.02
cover.v.01	verb_groups	overlay.v.01
overlay.v.01	verb_groups	cover.v.01
clinch.v.05	verb_groups	clinch.v.01
clinch.v.01	verb_groups	clinch.v.05
close.v.01	verb_groups	close.v.02
close.v.02	verb_groups	close.v.01
wring.v.02	verb_groups	contort.v.01
contort.v.01	verb_groups	wring.v.02
contort.v.01	verb_groups	wring.v.04
wring.v.04	verb_groups	contort.v.01
extract.v.01	verb_groups	draw.v.05
seal.v.02	verb_groups	seal.v.01
seal.v.01	verb_groups	seal.v.02
adhere.v.06	verb_groups	cling.v.01
string.v.01	verb_groups	guide.v.05
plaster.v.05	verb_groups	daub.v.02
dress.v.10	verb_groups	dress.v.06
dress.v.10	verb_groups	trim.v.06
laminate.v.03	verb_groups	laminate.v.04
cement.v.03	verb_groups	cement.v.02
cement.v.02	verb_groups	cement.v.03
extend.v.13	verb_groups	unfold.v.03
break.v.42	verb_groups	break.v.04
break.v.04	verb_groups	break.v.42
volley.v.03	verb_groups	volley.v.01
convulse.v.06	verb_groups	convulse.v.05
convulse.v.05	verb_groups	convulse.v.06
laminate.v.02	verb_groups	laminate.v.04
sweep.v.03	verb_groups	sweep.v.06
sweep.v.06	verb_groups	sweep.v.03
beat.v.03	verb_groups	beat.v.11
beat.v.11	verb_groups	beat.v.03
ground.v.09	verb_groups	ground.v.07
ground.v.09	verb_groups	ground.v.08
ground.v.08	verb_groups	ground.v.09
ground.v.07	verb_groups	ground.v.09
kill.v.08	verb_groups	kill.v.07
kill.v.07	verb_groups	kill.v.08
drive.v.18	verb_groups	drive.v.17
drive.v.17	verb_groups	drive.v.09
drive.v.17	verb_groups	drive.v.18
strike.v.01	verb_groups	hit.v.02
cream.v.02	verb_groups	thrash.v.01
bat.v.01	verb_groups	bat.v.03
bat.v.01	verb_groups	bat.v.04
bat.v.04	verb_groups	bat.v.01
bat.v.03	verb_groups	bat.v.01
thrash.v.01	verb_groups	cream.v.02
hammer.v.01	verb_groups	forge.v.01
cuddle.v.01	verb_groups	draw_close.v.03
cuddle.v.01	verb_groups	nestle.v.03
nestle.v.03	verb_groups	cuddle.v.01
neck.v.01	verb_groups	sleep_together.v.01
sleep_together.v.01	verb_groups	neck.v.01
seduce.v.01	verb_groups	seduce.v.02
breed.v.02	verb_groups	brood.v.05
masturbate.v.02	verb_groups	masturbate.v.01
masturbate.v.01	verb_groups	masturbate.v.02
bring.v.04	verb_groups	bring.v.01
retrieve.v.03	verb_groups	retrieve.v.02
retrieve.v.02	verb_groups	retrieve.v.03
bring.v.06	verb_groups	bring.v.01
propagate.v.03	verb_groups	propagate.v.02
catch.v.04	verb_groups	catch.v.27
stick.v.13	verb_groups	stick.v.12
stick.v.12	verb_groups	stick.v.13
pull.v.01	verb_groups	pull.v.04
pull.v.01	verb_groups	pull.v.09
pull_back.v.03	verb_groups	pull_back.v.04
transport.v.02	verb_groups	carry.v.17
transport.v.02	verb_groups	carry.v.32
fly.v.04	verb_groups	fly.v.03
trail.v.05	verb_groups	trail.v.04
concatenate.v.01	verb_groups	concatenate.v.02
pair.v.04	verb_groups	pair.v.03
pair.v.03	verb_groups	pair.v.04
evict.v.02	verb_groups	evict.v.01
evict.v.01	verb_groups	evict.v.02
invite.v.06	verb_groups	invite.v.02
call_in.v.01	verb_groups	call_in.v.02
see.v.15	verb_groups	see.v.11
barricade.v.01	verb_groups	obstruct.v.03
capture.v.06	verb_groups	catch.v.25
catch.v.25	verb_groups	capture.v.06
hang.v.02	verb_groups	hang.v.01
hang.v.14	verb_groups	hang.v.13
hang.v.13	verb_groups	hang.v.14
hang.v.01	verb_groups	hang.v.02
hang.v.01	verb_groups	hang.v.10
pack.v.03	verb_groups	compact.v.01
compact.v.01	verb_groups	pack.v.03
charge.v.08	verb_groups	charge.v.25
emplace.v.02	verb_groups	emplace.v.01
emplace.v.01	verb_groups	emplace.v.02
sow.v.01	verb_groups	inseminate.v.01
inseminate.v.01	verb_groups	sow.v.01
attract.v.01	verb_groups	curl_up.v.01
attract.v.01	verb_groups	draw_in.v.01
repel.v.01	verb_groups	drive.v.09
draw_in.v.01	verb_groups	attract.v.01
drive.v.09	verb_groups	drive.v.17
drive.v.09	verb_groups	repel.v.01
float.v.06	verb_groups	float.v.03
force.v.06	verb_groups	drive.v.05
force.v.06	verb_groups	drive.v.07
intertwine.v.01	verb_groups	twine.v.03
twine.v.03	verb_groups	intertwine.v.01
jam.v.06	verb_groups	cram.v.02
function.v.01	verb_groups	run.v.13
function.v.01	verb_groups	work.v.16
run.v.13	verb_groups	function.v.01
spot.v.04	verb_groups	stain.v.02
clean.v.08	verb_groups	houseclean.v.01
clean.v.01	verb_groups	clean.v.05
clean.v.01	verb_groups	houseclean.v.01
houseclean.v.01	verb_groups	clean.v.01
houseclean.v.01	verb_groups	clean.v.08
wash.v.03	verb_groups	wash.v.01
wash.v.03	verb_groups	wash.v.05
wash_out.v.02	verb_groups	wash.v.09
wash.v.07	verb_groups	wash.v.01
aspirate.v.01	verb_groups	suck_in.v.03
spill.v.03	verb_groups	spill.v.01
spill.v.01	verb_groups	spill.v.02
spill.v.01	verb_groups	spill.v.03
trail.v.04	verb_groups	trail.v.05
sit.v.01	verb_groups	seat.v.01
sit.v.01	verb_groups	sit_down.v.01
seat.v.01	verb_groups	sit.v.01
stand.v.01	verb_groups	stand.v.10
stand.v.10	verb_groups	stand.v.01
lie.v.02	verb_groups	lie_down.v.01
recumb.v.01	verb_groups	recline.v.02
recline.v.02	verb_groups	recumb.v.01
scar.v.01	verb_groups	score.v.02
sculpt.v.02	verb_groups	sculpt.v.01
cleave.v.01	verb_groups	cleave.v.02
segment.v.02	verb_groups	segment.v.01
cleave.v.02	verb_groups	cleave.v.01
splice.v.03	verb_groups	splice.v.01
splice.v.01	verb_groups	splice.v.03
discerp.v.02	verb_groups	sever.v.01
sever.v.01	verb_groups	discerp.v.02
crash.v.05	verb_groups	crash.v.09
crash.v.09	verb_groups	crash.v.05
segment.v.01	verb_groups	segment.v.02
smother.v.02	verb_groups	suffocate.v.05
retrofit.v.02	verb_groups	retrofit.v.01
retrofit.v.02	verb_groups	retrofit.v.03
crop.v.05	verb_groups	crop.v.04
crop.v.05	verb_groups	range.v.07
crop.v.04	verb_groups	crop.v.05
trace.v.02	verb_groups	draw.v.06
trace.v.02	verb_groups	draw.v.19
circumscribe.v.01	verb_groups	circumscribe.v.03
circumscribe.v.03	verb_groups	circumscribe.v.01
turn.v.13	verb_groups	turn.v.17
inject.v.03	verb_groups	inject.v.01
tag.v.01	verb_groups	mark.v.05
pluck.v.01	verb_groups	draw_off.v.01
draw_off.v.01	verb_groups	pluck.v.01
poise.v.04	verb_groups	balance.v.01
pull.v.04	verb_groups	pull.v.01
draw_close.v.03	verb_groups	cuddle.v.01
break.v.39	verb_groups	break.v.38
break.v.38	verb_groups	break.v.39
cut.v.04	verb_groups	cut.v.25
cut.v.25	verb_groups	cut.v.04
dribble.v.02	verb_groups	drip.v.01
cram.v.02	verb_groups	jam.v.06
plaster.v.03	verb_groups	plaster.v.02
plaster.v.02	verb_groups	plaster.v.03
tap.v.11	verb_groups	tap.v.06
stick.v.11	verb_groups	stick.v.09
stick.v.10	verb_groups	stick.v.09
stick.v.09	verb_groups	cling.v.01
stick.v.09	verb_groups	stick.v.10
stick.v.09	verb_groups	stick.v.11
hedge.v.03	verb_groups	hedge.v.02
hedge.v.02	verb_groups	hedge.v.03
produce.v.02	verb_groups	create.v.05
develop.v.13	verb_groups	build_up.v.05
develop.v.13	verb_groups	develop.v.03
render.v.04	verb_groups	establish.v.05
render.v.04	verb_groups	give.v.09
give.v.09	verb_groups	render.v.04
bring.v.03	verb_groups	work.v.03
raise.v.07	verb_groups	provoke.v.02
visualize.v.01	verb_groups	understand.v.02
visualize.v.01	verb_groups	visualize.v.03
visualize.v.03	verb_groups	visualize.v.01
discover.v.03	verb_groups	detect.v.01
discover.v.03	verb_groups	determine.v.01
discover.v.03	verb_groups	discover.v.04
create.v.05	verb_groups	produce.v.02
design.v.03	verb_groups	design.v.05
carry_through.v.01	verb_groups	follow_through.v.02
draw.v.19	verb_groups	trace.v.02
drive.v.07	verb_groups	drive.v.05
drive.v.07	verb_groups	force.v.06
provoke.v.02	verb_groups	raise.v.07
establish.v.05	verb_groups	render.v.04
motivate.v.01	verb_groups	affect.v.05
motivate.v.01	verb_groups	move.v.11
construct.v.01	verb_groups	build.v.07
jumble.v.02	verb_groups	confuse.v.01
shape.v.02	verb_groups	work.v.05
preform.v.02	verb_groups	preform.v.01
preform.v.01	verb_groups	preform.v.02
cook.v.02	verb_groups	make.v.38
purl.v.05	verb_groups	purl.v.04
purl.v.04	verb_groups	purl.v.05
work.v.05	verb_groups	shape.v.02
crochet.v.02	verb_groups	crochet.v.01
crochet.v.01	verb_groups	crochet.v.02
strike.v.13	verb_groups	strike.v.11
forge.v.01	verb_groups	hammer.v.01
decorate.v.01	verb_groups	ornament.v.02
trim.v.06	verb_groups	dress.v.06
trim.v.06	verb_groups	dress.v.10
sculpt.v.01	verb_groups	sculpt.v.02
build.v.07	verb_groups	construct.v.01
map.v.01	verb_groups	map.v.05
map.v.05	verb_groups	map.v.01
draw.v.06	verb_groups	trace.v.02
write.v.01	verb_groups	publish.v.03
dance.v.02	verb_groups	dance.v.01
cast.v.03	verb_groups	cast.v.05
play_out.v.02	verb_groups	play_out.v.03
give.v.32	verb_groups	give.v.31
give.v.31	verb_groups	give.v.32
play.v.14	verb_groups	act.v.10
play.v.26	verb_groups	act.v.10
play.v.18	verb_groups	play.v.13
play.v.18	verb_groups	run.v.15
play.v.18	verb_groups	run.v.19
play.v.13	verb_groups	play.v.18
act.v.03	verb_groups	act.v.05
act.v.03	verb_groups	act.v.10
act.v.03	verb_groups	play.v.12
act.v.10	verb_groups	act.v.03
act.v.10	verb_groups	act.v.06
act.v.10	verb_groups	play.v.14
act.v.10	verb_groups	play.v.26
dissemble.v.03	verb_groups	act.v.02
play.v.12	verb_groups	act.v.03
play.v.06	verb_groups	play.v.03
fiddle.v.04	verb_groups	fiddle.v.03
play.v.03	verb_groups	play.v.06
play.v.03	verb_groups	play.v.07
play.v.07	verb_groups	play.v.03
beat.v.19	verb_groups	beat.v.16
solmizate.v.02	verb_groups	solmizate.v.01
sing.v.01	verb_groups	sing.v.03
solmizate.v.01	verb_groups	solmizate.v.02
conduct.v.02	verb_groups	conduct.v.06
conduct.v.06	verb_groups	conduct.v.02
fiddle.v.03	verb_groups	fiddle.v.04
catch.v.24	verb_groups	catch.v.18
evolve.v.01	verb_groups	develop.v.01
develop.v.01	verb_groups	evolve.v.01
carry.v.31	verb_groups	carry.v.34
landscape.v.02	verb_groups	landscape.v.01
cultivate.v.02	verb_groups	knead.v.01
publish.v.03	verb_groups	write.v.01
landscape.v.01	verb_groups	landscape.v.02
sporulate.v.01	verb_groups	sporulate.v.02
design.v.05	verb_groups	design.v.03
cut.v.22	verb_groups	cut.v.06
cut.v.06	verb_groups	cut.v.22
make.v.38	verb_groups	cook.v.02
make.v.38	verb_groups	make.v.27
make.v.16	verb_groups	make.v.01
cut.v.21	verb_groups	cut.v.20
cut.v.20	verb_groups	cut.v.19
cut.v.20	verb_groups	cut.v.21
cut.v.19	verb_groups	cut.v.20
draw.v.10	verb_groups	reap.v.02
worry.v.03	verb_groups	worry.v.01
retire.v.08	verb_groups	retire.v.02
worry.v.01	verb_groups	worry.v.03
affect.v.05	verb_groups	hit.v.09
affect.v.05	verb_groups	motivate.v.01
get.v.29	verb_groups	get.v.28
get.v.28	verb_groups	get.v.29
move.v.11	verb_groups	motivate.v.01
dissolve.v.06	verb_groups	dissolve.v.05
dissolve.v.05	verb_groups	dissolve.v.06
annoy.v.01	verb_groups	chafe.v.02
chafe.v.02	verb_groups	annoy.v.01
confuse.v.03	verb_groups	confuse.v.02
bother.v.06	verb_groups	bother.v.05
bother.v.05	verb_groups	bother.v.06
suffer.v.03	verb_groups	digest.v.03
bring.v.10	verb_groups	bring.v.11
please.v.01	verb_groups	please.v.03
please.v.03	verb_groups	please.v.01
work.v.19	verb_groups	work.v.18
plunge.v.03	verb_groups	plunge.v.04
grind_to_a_halt.v.01	verb_groups	mire.v.02
mire.v.02	verb_groups	grind_to_a_halt.v.01
travel.v.01	verb_groups	move.v.02
float.v.05	verb_groups	float.v.01
float.v.05	verb_groups	float.v.02
fly.v.09	verb_groups	fly.v.03
hop.v.03	verb_groups	hop.v.02
raft.v.02	verb_groups	raft.v.01
travel.v.02	verb_groups	travel.v.04
travel.v.04	verb_groups	travel.v.02
ride.v.12	verb_groups	ride.v.02
fly.v.12	verb_groups	fly.v.01
fly.v.12	verb_groups	fly.v.03
fly.v.05	verb_groups	fly.v.10
move_over.v.01	verb_groups	abandon.v.04
approach.v.04	verb_groups	approach.v.01
move.v.02	verb_groups	travel.v.01
transit.v.04	verb_groups	transit.v.01
draw.v.07	verb_groups	draw.v.05
draw.v.07	verb_groups	draw.v.21
draw.v.07	verb_groups	withdraw.v.09
tap.v.10	verb_groups	tap.v.06
suction.v.01	verb_groups	suction.v.02
transplant.v.01	verb_groups	transplant.v.02
migrate.v.01	verb_groups	migrate.v.02
migrate.v.02	verb_groups	migrate.v.01
cut.v.18	verb_groups	cut.v.17
cut.v.17	verb_groups	cut.v.18
check.v.05	verb_groups	check.v.14
check.v.05	verb_groups	check.v.15
check.v.15	verb_groups	check.v.05
check.v.14	verb_groups	check.v.05
draw_up.v.05	verb_groups	draw_up.v.03
draw_up.v.03	verb_groups	draw_up.v.05
brake.v.02	verb_groups	brake.v.01
brake.v.01	verb_groups	brake.v.02
ply.v.03	verb_groups	run.v.25
roll.v.01	verb_groups	roll.v.14
roll.v.14	verb_groups	roll.v.01
sweep.v.02	verb_groups	brush.v.04
brush.v.04	verb_groups	brush.v.02
brush.v.04	verb_groups	sweep.v.02
push.v.01	verb_groups	push.v.05
push.v.05	verb_groups	push.v.01
push.v.05	verb_groups	push.v.09
push.v.09	verb_groups	push.v.05
float.v.03	verb_groups	float.v.02
float.v.03	verb_groups	float.v.06
drift.v.07	verb_groups	float.v.01
rock.v.01	verb_groups	rock.v.02
rock.v.02	verb_groups	rock.v.01
fluctuate.v.02	verb_groups	fluctuate.v.01
fluctuate.v.01	verb_groups	fluctuate.v.02
pulsate.v.01	verb_groups	pulsate.v.02
pulsate.v.02	verb_groups	pulsate.v.01
palpitate.v.03	verb_groups	palpitate.v.01
beat.v.04	verb_groups	beat.v.16
beat.v.16	verb_groups	beat.v.04
beat.v.16	verb_groups	beat.v.19
beat.v.16	verb_groups	drum.v.01
roll.v.12	verb_groups	stray.v.02
roll.v.12	verb_groups	wander.v.03
walk.v.10	verb_groups	walk.v.01
weave.v.04	verb_groups	wander.v.03
palpitate.v.01	verb_groups	palpitate.v.03
jerk.v.02	verb_groups	twitch.v.01
dance.v.01	verb_groups	dance.v.02
float.v.01	verb_groups	drift.v.07
float.v.01	verb_groups	float.v.05
drift.v.06	verb_groups	freewheel.v.01
float.v.02	verb_groups	float.v.03
float.v.02	verb_groups	float.v.05
walk.v.01	verb_groups	walk.v.02
walk.v.01	verb_groups	walk.v.04
walk.v.01	verb_groups	walk.v.08
walk.v.01	verb_groups	walk.v.09
walk.v.01	verb_groups	walk.v.10
walk.v.09	verb_groups	walk.v.01
walk.v.09	verb_groups	walk.v.02
walk.v.02	verb_groups	walk.v.01
walk.v.02	verb_groups	walk.v.09
turn.v.01	verb_groups	turn.v.04
face.v.05	verb_groups	face.v.07
overturn.v.01	verb_groups	overturn.v.02
overturn.v.02	verb_groups	overturn.v.01
walk.v.04	verb_groups	walk.v.01
run.v.29	verb_groups	run.v.01
transit.v.01	verb_groups	transit.v.04
cut.v.16	verb_groups	cut.v.15
cut.v.15	verb_groups	cut.v.16
stray.v.02	verb_groups	roll.v.12
run.v.01	verb_groups	run.v.29
run.v.34	verb_groups	run.v.11
drive.v.02	verb_groups	drive.v.16
drive.v.16	verb_groups	drive.v.01
drive.v.16	verb_groups	drive.v.02
drive.v.16	verb_groups	drive.v.03
drive.v.01	verb_groups	drive.v.12
drive.v.01	verb_groups	drive.v.13
drive.v.01	verb_groups	drive.v.16
dogsled.v.01	verb_groups	mush.v.01
mush.v.01	verb_groups	dogsled.v.01
fly.v.01	verb_groups	fly.v.12
fly.v.03	verb_groups	fly.v.04
fly.v.03	verb_groups	fly.v.09
fly.v.03	verb_groups	fly.v.12
levitate.v.02	verb_groups	levitate.v.01
levitate.v.01	verb_groups	levitate.v.02
raft.v.01	verb_groups	raft.v.02
ride.v.02	verb_groups	drive.v.12
ride.v.02	verb_groups	ride.v.10
ride.v.02	verb_groups	ride.v.12
joyride.v.01	verb_groups	tool.v.01
ride.v.01	verb_groups	ride.v.10
prance.v.03	verb_groups	prance.v.02
prance.v.02	verb_groups	prance.v.03
walk.v.08	verb_groups	walk.v.01
dive.v.01	verb_groups	plunge.v.06
fall.v.01	verb_groups	precipitate.v.03
drop.v.02	verb_groups	drop.v.01
plunge.v.06	verb_groups	dive.v.01
drop.v.01	verb_groups	drop.v.02
drop.v.01	verb_groups	sink.v.01
port.v.03	verb_groups	port.v.02
assume.v.05	verb_groups	fill.v.04
fall.v.24	verb_groups	fall.v.23
fall.v.23	verb_groups	fall.v.24
right.v.03	verb_groups	right.v.02
right.v.02	verb_groups	right.v.03
sit_down.v.01	verb_groups	sit.v.01
lie_down.v.01	verb_groups	lie.v.02
sink.v.01	verb_groups	drop.v.01
sink.v.01	verb_groups	slump.v.03
settle.v.16	verb_groups	settle.v.15
settle.v.15	verb_groups	settle.v.16
sink.v.02	verb_groups	sink.v.04
sediment.v.02	verb_groups	sediment.v.01
sediment.v.01	verb_groups	sediment.v.02
collapse.v.01	verb_groups	abandon.v.04
collapse.v.01	verb_groups	collapse.v.05
collapse.v.05	verb_groups	collapse.v.01
sink.v.04	verb_groups	sink.v.02
withdraw.v.01	verb_groups	retreat.v.04
draw.v.05	verb_groups	draw.v.07
draw.v.05	verb_groups	extract.v.01
draw.v.05	verb_groups	pull.v.17
proceed.v.02	verb_groups	continue.v.03
back.v.02	verb_groups	back.v.04
back.v.04	verb_groups	back.v.02
lead.v.04	verb_groups	head.v.04
pursue.v.02	verb_groups	surveil.v.01
chase_away.v.01	verb_groups	rout_out.v.02
arrive.v.01	verb_groups	get.v.27
get.v.27	verb_groups	arrive.v.01
leave.v.01	verb_groups	exit.v.01
leave.v.01	verb_groups	leave.v.08
carry.v.29	verb_groups	post.v.07
pull_out.v.01	verb_groups	chicken_out.v.01
pull_in.v.03	verb_groups	close_in.v.01
exit.v.01	verb_groups	leave.v.01
catch.v.09	verb_groups	overtake.v.01
reach.v.01	verb_groups	make.v.37
make.v.37	verb_groups	reach.v.01
meet.v.01	verb_groups	meet.v.07
volley.v.01	verb_groups	volley.v.03
break.v.19	verb_groups	break.v.07
list.v.04	verb_groups	list.v.03
list.v.03	verb_groups	list.v.04
revolve.v.01	verb_groups	rotate.v.04
rotate.v.04	verb_groups	revolve.v.01
make.v.36	verb_groups	work.v.09
approach.v.01	verb_groups	approach.v.04
close_in.v.01	verb_groups	pull_in.v.03
unfold.v.03	verb_groups	extend.v.13
tear.v.03	verb_groups	dart.v.02
rout_out.v.02	verb_groups	chase_away.v.01
drive.v.03	verb_groups	drive.v.16
pull.v.07	verb_groups	pull.v.03
pull.v.03	verb_groups	pull.v.07
run.v.27	verb_groups	melt.v.01
dart.v.02	verb_groups	tear.v.03
perturb.v.03	verb_groups	perturb.v.02
perturb.v.02	verb_groups	perturb.v.03
spill.v.02	verb_groups	spill.v.01
drip.v.01	verb_groups	dribble.v.02
fly.v.08	verb_groups	vanish.v.05
break.v.07	verb_groups	break.v.19
bring.v.01	verb_groups	bring.v.04
bring.v.01	verb_groups	bring.v.06
impart.v.03	verb_groups	carry.v.04
impart.v.03	verb_groups	carry.v.19
wash_up.v.02	verb_groups	wash_up.v.04
leave_behind.v.01	verb_groups	leave.v.12
propagate.v.02	verb_groups	propagate.v.03
port.v.02	verb_groups	port.v.03
turn.v.04	verb_groups	turn.v.01
turn.v.04	verb_groups	turn.v.19
turn.v.19	verb_groups	turn.v.04
run.v.26	verb_groups	hunt.v.01
beat.v.15	verb_groups	beat.v.08
beat.v.08	verb_groups	beat.v.15
hop.v.06	verb_groups	hop.v.05
hop.v.05	verb_groups	hop.v.06
hop.v.04	verb_groups	hop.v.02
hop.v.02	verb_groups	hop.v.03
hop.v.02	verb_groups	hop.v.04
draw.v.17	verb_groups	draw.v.36
wash.v.04	verb_groups	wash.v.10
curl_up.v.01	verb_groups	attract.v.01
run.v.11	verb_groups	run.v.31
run.v.11	verb_groups	run.v.34
tool.v.01	verb_groups	joyride.v.01
ride.v.10	verb_groups	ride.v.01
ride.v.10	verb_groups	ride.v.02
wander.v.03	verb_groups	roll.v.12
wander.v.03	verb_groups	weave.v.04
pull.v.09	verb_groups	pull.v.01
record.v.04	verb_groups	register.v.07
record.v.04	verb_groups	register.v.10
feel.v.03	verb_groups	feel.v.07
get.v.25	verb_groups	catch.v.22
hit.v.09	verb_groups	affect.v.05
take.v.15	verb_groups	take.v.19
catch.v.22	verb_groups	catch.v.12
catch.v.22	verb_groups	get.v.25
die.v.02	verb_groups	die.v.01
solarize.v.03	verb_groups	solarize.v.01
solarize.v.03	verb_groups	solarize.v.02
solarize.v.02	verb_groups	solarize.v.01
solarize.v.02	verb_groups	solarize.v.03
solarize.v.01	verb_groups	solarize.v.02
solarize.v.01	verb_groups	solarize.v.03
horripilate.v.02	verb_groups	horripilate.v.01
horripilate.v.01	verb_groups	horripilate.v.02
work.v.18	verb_groups	exploit.v.01
work.v.18	verb_groups	work.v.19
bite.v.02	verb_groups	burn.v.10
nettle.v.01	verb_groups	urticate.v.01
urticate.v.01	verb_groups	nettle.v.01
burn.v.10	verb_groups	bite.v.02
feel.v.08	verb_groups	feel.v.09
feel.v.08	verb_groups	feel.v.13
feel.v.08	verb_groups	palpate.v.01
witness.v.02	verb_groups	find.v.13
witness.v.02	verb_groups	learn.v.02
see.v.01	verb_groups	see.v.19
see.v.01	verb_groups	watch.v.03
see.v.17	verb_groups	understand.v.02
blow.v.11	verb_groups	blow.v.05
blow.v.11	verb_groups	blow.v.10
blow.v.05	verb_groups	blow.v.11
reflect.v.03	verb_groups	reverberate.v.03
reverberate.v.03	verb_groups	reflect.v.03
face.v.07	verb_groups	face.v.05
register.v.07	verb_groups	record.v.04
fly.v.10	verb_groups	fly.v.05
obstruct.v.03	verb_groups	barricade.v.01
watch.v.03	verb_groups	see.v.01
detect.v.01	verb_groups	discover.v.03
instantiate.v.02	verb_groups	instantiate.v.01
instantiate.v.01	verb_groups	instantiate.v.02
see.v.19	verb_groups	see.v.01
study.v.03	verb_groups	consider.v.05
drum.v.01	verb_groups	beat.v.16
gurgle.v.02	verb_groups	ripple.v.02
blow.v.10	verb_groups	blow.v.11
pop.v.03	verb_groups	pop.v.05
pop.v.05	verb_groups	pop.v.03
ripple.v.02	verb_groups	gurgle.v.02
catch.v.14	verb_groups	catch.v.21
catch.v.21	verb_groups	catch.v.14
quieten.v.01	verb_groups	hush.v.02
louden.v.01	verb_groups	louden.v.02
find.v.13	verb_groups	witness.v.02
surveil.v.01	verb_groups	pursue.v.02
keep.v.03	verb_groups	keep_open.v.01
keep.v.07	verb_groups	keep.v.15
have.v.01	verb_groups	have.v.02
keep.v.19	verb_groups	keep.v.18
keep.v.18	verb_groups	keep.v.19
own.v.01	verb_groups	have.v.02
buy.v.01	verb_groups	buy.v.03
receive.v.01	verb_groups	accept.v.02
get.v.01	verb_groups	receive.v.02
find.v.10	verb_groups	find.v.03
deny.v.04	verb_groups	deny.v.05
deny.v.05	verb_groups	deny.v.04
fund.v.06	verb_groups	fund.v.05
fund.v.05	verb_groups	fund.v.06
vest.v.03	verb_groups	vest.v.02
mummify.v.02	verb_groups	mummify.v.03
bequeath.v.01	verb_groups	impart.v.01
bequeath.v.01	verb_groups	leave.v.12
fall.v.21	verb_groups	accrue.v.02
fall.v.20	verb_groups	accrue.v.02
fall.v.20	verb_groups	fall.v.14
accrue.v.02	verb_groups	fall.v.20
accrue.v.02	verb_groups	fall.v.21
post.v.07	verb_groups	carry.v.29
sell.v.05	verb_groups	betray.v.02
give.v.04	verb_groups	impart.v.01
accept.v.02	verb_groups	receive.v.01
accept.v.05	verb_groups	admit.v.03
refuse.v.02	verb_groups	reject.v.04
run.v.25	verb_groups	ply.v.03
sell.v.01	verb_groups	sell.v.02
deal.v.06	verb_groups	deal.v.13
deal.v.06	verb_groups	sell.v.02
deal.v.13	verb_groups	deal.v.06
deal.v.09	verb_groups	deal.v.12
deal.v.12	verb_groups	deal.v.09
retail.v.02	verb_groups	retail.v.01
recover.v.01	verb_groups	find.v.03
tithe.v.04	verb_groups	tithe.v.03
tithe.v.03	verb_groups	tithe.v.04
bounce.v.06	verb_groups	bounce.v.04
bounce.v.04	verb_groups	bounce.v.06
allow.v.03	verb_groups	permit.v.01
treat.v.05	verb_groups	regale.v.01
blow.v.09	verb_groups	waste.v.01
take.v.02	verb_groups	consume.v.05
waste.v.01	verb_groups	blow.v.09
bull.v.02	verb_groups	bull.v.04
impound.v.01	verb_groups	sequester.v.01
sequester.v.01	verb_groups	impound.v.01
claim.v.02	verb_groups	claim.v.04
run_down.v.06	verb_groups	play_out.v.04
keep_open.v.01	verb_groups	keep.v.03
find.v.03	verb_groups	find.v.10
find.v.03	verb_groups	recover.v.01
locate.v.01	verb_groups	excavate.v.02
gain.v.08	verb_groups	make.v.19
gain.v.08	verb_groups	net.v.01
net.v.01	verb_groups	gain.v.08
net.v.01	verb_groups	net.v.02
net.v.02	verb_groups	net.v.01
reap.v.02	verb_groups	draw.v.10
impart.v.01	verb_groups	bequeath.v.01
impart.v.01	verb_groups	give.v.04
offer.v.05	verb_groups	extend.v.04
extend.v.04	verb_groups	offer.v.05
fall.v.09	verb_groups	fall.v.07
tithe.v.02	verb_groups	tithe.v.01
tithe.v.01	verb_groups	tithe.v.02
tax.v.02	verb_groups	assess.v.02
assess.v.02	verb_groups	tax.v.02
give.v.20	verb_groups	give.v.19
give.v.19	verb_groups	give.v.20
give.v.19	verb_groups	give.v.41
withdraw.v.09	verb_groups	draw.v.07
inherit.v.01	verb_groups	inherit.v.02
inherit.v.01	verb_groups	inherit.v.03
inherit.v.03	verb_groups	inherit.v.01
inherit.v.02	verb_groups	inherit.v.01
give.v.01	verb_groups	yield.v.01
charge.v.03	verb_groups	charge.v.09
charge.v.09	verb_groups	charge.v.03
shop.v.03	verb_groups	browse.v.03
stock.v.04	verb_groups	stock.v.03
stock.v.03	verb_groups	stock.v.04
yield.v.01	verb_groups	give.v.01
supplement.v.01	verb_groups	supplement.v.02
bank.v.05	verb_groups	bank.v.04
bank.v.04	verb_groups	bank.v.05
sacrifice.v.01	verb_groups	give.v.10
sacrifice.v.01	verb_groups	give.v.18
pay.v.10	verb_groups	pay_back.v.02
adopt.v.01	verb_groups	comply.v.01
check.v.13	verb_groups	check.v.12
check.v.12	verb_groups	check.v.13
have.v.17	verb_groups	make.v.19
fall.v.14	verb_groups	fall.v.18
fall.v.14	verb_groups	fall.v.20
fall.v.18	verb_groups	fall.v.14
call.v.14	verb_groups	call.v.19
get.v.21	verb_groups	catch.v.18
get.v.21	verb_groups	get.v.20
tap.v.06	verb_groups	tap.v.10
tap.v.06	verb_groups	tap.v.11
retrofit.v.01	verb_groups	retrofit.v.02
vest.v.02	verb_groups	vest.v.03
play.v.02	verb_groups	play.v.17
work.v.09	verb_groups	make.v.36
steamroller.v.02	verb_groups	steamroller.v.01
retire.v.02	verb_groups	bow_out.v.02
retire.v.02	verb_groups	retire.v.08
bow_out.v.02	verb_groups	retire.v.02
chicken_out.v.01	verb_groups	pull_out.v.01
drop_out.v.03	verb_groups	drop_out.v.02
drop_out.v.02	verb_groups	drop_out.v.03
leave.v.08	verb_groups	leave.v.01
invite.v.02	verb_groups	invite.v.06
fall.v.13	verb_groups	fall.v.07
cast.v.05	verb_groups	cast.v.03
prepare.v.05	verb_groups	discipline.v.01
prepare.v.05	verb_groups	train.v.01
prepare.v.05	verb_groups	train.v.02
get_in_touch.v.01	verb_groups	connect.v.08
connect.v.08	verb_groups	get_in_touch.v.01
rotate.v.02	verb_groups	rotate.v.03
rotate.v.02	verb_groups	rotate.v.06
fill.v.04	verb_groups	assume.v.05
cover.v.10	verb_groups	cover.v.14
excommunicate.v.02	verb_groups	excommunicate.v.01
drop.v.05	verb_groups	dismiss.v.03
supplant.v.01	verb_groups	replace.v.01
supplant.v.01	verb_groups	replace.v.03
tug.v.02	verb_groups	push.v.02
work.v.12	verb_groups	work.v.02
drive.v.13	verb_groups	drive.v.01
retain.v.02	verb_groups	continue.v.06
work.v.02	verb_groups	work.v.01
work.v.02	verb_groups	work.v.08
work.v.02	verb_groups	work.v.12
serve.v.13	verb_groups	serve.v.02
work.v.01	verb_groups	work.v.02
collaborate.v.01	verb_groups	collaborate.v.02
collaborate.v.02	verb_groups	collaborate.v.01
play.v.11	verb_groups	play.v.05
play.v.05	verb_groups	play.v.11
man.v.01	verb_groups	man.v.02
bail.v.01	verb_groups	bail.v.03
run.v.31	verb_groups	run.v.11
adjourn.v.02	verb_groups	seclude.v.01
meet.v.07	verb_groups	meet.v.01
call.v.07	verb_groups	call.v.05
work.v.17	verb_groups	work.v.16
dally.v.01	verb_groups	dally.v.04
hold.v.29	verb_groups	defend.v.03
work.v.16	verb_groups	function.v.01
work.v.16	verb_groups	work.v.17
syndicate.v.02	verb_groups	syndicate.v.01
syndicate.v.01	verb_groups	syndicate.v.02
admit.v.03	verb_groups	accept.v.05
prevent.v.02	verb_groups	keep.v.21
back.v.01	verb_groups	second.v.01
watch.v.02	verb_groups	trace.v.01
vote.v.01	verb_groups	vote.v.02
vote.v.02	verb_groups	vote.v.01
dismiss.v.03	verb_groups	drop.v.05
liberalize.v.01	verb_groups	liberalize.v.02
liberalize.v.02	verb_groups	liberalize.v.01
execute.v.01	verb_groups	execute.v.02
execute.v.02	verb_groups	execute.v.01
shoot.v.02	verb_groups	shoot.v.01
date.v.01	verb_groups	go_steady.v.01
go_steady.v.01	verb_groups	date.v.01
visit.v.03	verb_groups	call.v.13
call.v.13	verb_groups	visit.v.03
see.v.11	verb_groups	see.v.15
see.v.12	verb_groups	visit.v.01
marry.v.01	verb_groups	marry.v.02
marry.v.02	verb_groups	marry.v.01
visit.v.01	verb_groups	see.v.12
reserve.v.04	verb_groups	reserve.v.03
amerce.v.02	verb_groups	amerce.v.01
amerce.v.01	verb_groups	amerce.v.02
admit.v.02	verb_groups	admit.v.08
reject.v.06	verb_groups	reject.v.04
drive.v.05	verb_groups	drive.v.07
drive.v.05	verb_groups	force.v.06
steamroller.v.01	verb_groups	steamroller.v.02
steamroller.v.01	verb_groups	steamroller.v.04
stratify.v.01	verb_groups	stratify.v.03
stratify.v.03	verb_groups	stratify.v.01
treat.v.01	verb_groups	cover.v.05
treat.v.01	verb_groups	treat.v.08
control.v.05	verb_groups	see.v.10
fail.v.08	verb_groups	fail.v.07
fail.v.07	verb_groups	fail.v.06
fail.v.07	verb_groups	fail.v.08
fail.v.06	verb_groups	fail.v.07
work.v.03	verb_groups	bring.v.03
experiment.v.01	verb_groups	experiment.v.02
experiment.v.02	verb_groups	experiment.v.01
betray.v.02	verb_groups	sell.v.05
serve.v.10	verb_groups	serve.v.07
service.v.01	verb_groups	serve.v.01
comply.v.01	verb_groups	adopt.v.01
comply.v.01	verb_groups	stick_to.v.02
discipline.v.01	verb_groups	prepare.v.05
carry.v.24	verb_groups	carry.v.05
second.v.01	verb_groups	back.v.01
make.v.01	verb_groups	make.v.16
practice.v.04	verb_groups	use.v.01
turn.v.17	verb_groups	turn.v.13
run.v.19	verb_groups	play.v.18
fall.v.12	verb_groups	fall.v.17
fall.v.17	verb_groups	fall.v.12
action.v.01	verb_groups	litigate.v.01
litigate.v.01	verb_groups	action.v.01
carry.v.23	verb_groups	carry.v.11
crusade.v.01	verb_groups	advertise.v.02
serve.v.07	verb_groups	serve.v.10
happen.v.03	verb_groups	happen.v.02
work.v.08	verb_groups	work.v.02
play.v.17	verb_groups	play.v.02
make.v.25	verb_groups	make.v.32
begin.v.08	verb_groups	begin.v.07
address.v.06	verb_groups	name.v.01
stet.v.01	verb_groups	stet.v.02
relax.v.07	verb_groups	relax.v.06
relax.v.06	verb_groups	relax.v.07
begin.v.02	verb_groups	begin.v.06
begin.v.02	verb_groups	begin.v.07
begin.v.07	verb_groups	begin.v.02
begin.v.07	verb_groups	begin.v.05
begin.v.07	verb_groups	begin.v.08
begin.v.06	verb_groups	begin.v.02
begin.v.06	verb_groups	begin.v.03
run.v.18	verb_groups	prevail.v.03
be.v.11	verb_groups	survive.v.01
live.v.02	verb_groups	live.v.07
live.v.07	verb_groups	live.v.02
exist.v.02	verb_groups	survive.v.01
freewheel.v.01	verb_groups	drift.v.06
survive.v.01	verb_groups	be.v.11
survive.v.01	verb_groups	exist.v.02
fall.v.07	verb_groups	fall.v.09
fall.v.07	verb_groups	fall.v.13
originate.v.01	verb_groups	develop.v.09
come.v.05	verb_groups	come.v.10
become.v.02	verb_groups	change_state.v.01
become.v.02	verb_groups	turn.v.16
turn.v.16	verb_groups	become.v.02
necessitate.v.01	verb_groups	claim.v.05
embrace.v.01	verb_groups	cover.v.05
have.v.02	verb_groups	have.v.01
have.v.02	verb_groups	own.v.01
leave.v.07	verb_groups	leave.v.03
leave.v.07	verb_groups	leave.v.11
carry.v.10	verb_groups	carry.v.18
carry.v.21	verb_groups	carry.v.02
buy.v.03	verb_groups	buy.v.01
prevail.v.03	verb_groups	run.v.18
match.v.01	verb_groups	check.v.08
match.v.01	verb_groups	harmonize.v.01
check.v.08	verb_groups	match.v.01
correlate.v.01	verb_groups	correlate.v.02
fit.v.02	verb_groups	blend.v.02
fall.v.16	verb_groups	fall.v.10
drift.v.04	verb_groups	drift.v.09
make.v.33	verb_groups	make.v.32
serve.v.03	verb_groups	serve.v.08
serve.v.08	verb_groups	serve.v.03
serve.v.01	verb_groups	service.v.01
admit.v.08	verb_groups	admit.v.02
equal.v.02	verb_groups	equal.v.03
cover.v.15	verb_groups	cover.v.14
balance.v.01	verb_groups	balance.v.04
balance.v.01	verb_groups	poise.v.04
refer.v.02	verb_groups	allude.v.01
apply.v.02	verb_groups	lend_oneself.v.01
begin.v.05	verb_groups	begin.v.07
continue.v.03	verb_groups	continue.v.01
continue.v.03	verb_groups	proceed.v.02
break.v.26	verb_groups	break.v.25
break.v.25	verb_groups	break.v.26
carry.v.20	verb_groups	carry.v.05
run_on.v.02	verb_groups	patronize.v.04
continue.v.01	verb_groups	continue.v.03
continue.v.01	verb_groups	continue.v.07
run.v.03	verb_groups	range.v.01
run.v.23	verb_groups	guide.v.05
run.v.23	verb_groups	range.v.01
cover.v.03	verb_groups	cover.v.09
imbricate.v.02	verb_groups	imbricate.v.01
imbricate.v.01	verb_groups	imbricate.v.02
lie.v.01	verb_groups	lie.v.06
front.v.01	verb_groups	face.v.04
face.v.04	verb_groups	front.v.01
harmonize.v.01	verb_groups	match.v.01
blend.v.02	verb_groups	fit.v.02
hold.v.11	verb_groups	contain.v.05
contain.v.05	verb_groups	accommodate.v.04
contain.v.05	verb_groups	hold.v.11
stand.v.04	verb_groups	resist.v.04
weigh.v.03	verb_groups	weigh.v.01
weigh.v.01	verb_groups	weigh.v.03
lend_oneself.v.01	verb_groups	apply.v.02
converge.v.01	verb_groups	touch.v.05
postdate.v.01	verb_groups	follow.v.06
thrust.v.07	verb_groups	thrust.v.06
thrust.v.06	verb_groups	thrust.v.07
protuberate.v.02	verb_groups	protuberate.v.01
protuberate.v.01	verb_groups	protuberate.v.02
carry.v.02	verb_groups	carry.v.21
follow.v.06	verb_groups	follow.v.08
follow.v.06	verb_groups	postdate.v.01
follow.v.08	verb_groups	follow.v.06
leave.v.06	verb_groups	admit.v.05
relate.v.04	verb_groups	interrelate.v.02
stagnate.v.03	verb_groups	stagnate.v.02
stagnate.v.02	verb_groups	stagnate.v.03
range.v.01	verb_groups	run.v.03
range.v.01	verb_groups	run.v.23
sell.v.02	verb_groups	deal.v.06
sell.v.02	verb_groups	sell.v.01
translate.v.07	verb_groups	translate.v.01
retail.v.01	verb_groups	retail.v.02
head.v.04	verb_groups	lead.v.04
leave.v.03	verb_groups	leave.v.07
compare.v.02	verb_groups	compare.v.01
leave.v.11	verb_groups	leave.v.04
leave.v.11	verb_groups	leave.v.07
feel.v.07	verb_groups	feel.v.03
read.v.02	verb_groups	read.v.01
lie.v.06	verb_groups	lie.v.01
accommodate.v.04	verb_groups	contain.v.05
keep.v.15	verb_groups	keep.v.07
keep.v.12	verb_groups	preserve.v.04
derive.v.05	verb_groups	derive.v.03
derive.v.05	verb_groups	hail.v.02
hang.v.10	verb_groups	hang.v.01
carry.v.19	verb_groups	impart.v.03
clean.v.05	verb_groups	clean.v.01
draw.v.21	verb_groups	draw.v.07
drive.v.12	verb_groups	drive.v.01
drive.v.12	verb_groups	ride.v.02
wash.v.05	verb_groups	wash.v.03
balance.v.04	verb_groups	balance.v.01
hail.v.02	verb_groups	derive.v.05
come.v.10	verb_groups	come.v.05
act.v.06	verb_groups	act.v.10
add.v.06	verb_groups	add.v.01
make.v.32	verb_groups	make.v.25
make.v.32	verb_groups	make.v.33
admit.v.05	verb_groups	leave.v.06
carry.v.18	verb_groups	carry.v.10
continue.v.07	verb_groups	continue.v.01
continue.v.06	verb_groups	retain.v.02
ornament.v.02	verb_groups	decorate.v.01
work.v.14	verb_groups	knead.v.01
trim.v.05	verb_groups	trim.v.04
trim.v.04	verb_groups	trim.v.05
summarize.v.02	verb_groups	sum_up.v.01
supplement.v.02	verb_groups	supplement.v.01
transplant.v.02	verb_groups	transplant.v.01
distribute.v.08	verb_groups	distribute.v.07
distribute.v.07	verb_groups	distribute.v.08
precipitate.v.03	verb_groups	fall.v.01
erupt.v.03	verb_groups	burn.v.05
burn.v.05	verb_groups	erupt.v.03
twinkle.v.02	verb_groups	scintillate.v.01
scintillate.v.01	verb_groups	twinkle.v.02
